date,country,countryCode,province,provinceCode,city,cityCode,confirmed,suspected,cured,dead
2019-12-01,中国,CN,湖北省,420000.0,,,1,0,0,0
2019-12-02,中国,CN,湖北省,420000.0,,,1,0,0,0
2019-12-03,中国,CN,湖北省,420000.0,,,1,0,0,0
2019-12-04,中国,CN,湖北省,420000.0,,,1,0,0,0
2019-12-05,中国,CN,湖北省,420000.0,,,1,0,0,0
2019-12-06,中国,CN,湖北省,420000.0,,,1,0,0,0
2019-12-07,中国,CN,湖北省,420000.0,,,1,0,0,0
2019-12-08,中国,CN,湖北省,420000.0,,,1,0,0,0
2019-12-09,中国,CN,湖北省,420000.0,,,1,0,0,0
2019-12-10,中国,CN,湖北省,420000.0,,,1,0,0,0
2019-12-11,中国,CN,湖北省,420000.0,,,4,0,0,0
2019-12-12,中国,CN,湖北省,420000.0,,,4,0,0,0
2019-12-13,中国,CN,湖北省,420000.0,,,4,0,0,0
2019-12-14,中国,CN,湖北省,420000.0,,,4,0,0,0
2019-12-15,中国,CN,湖北省,420000.0,,,6,0,0,0
2019-12-16,中国,CN,湖北省,420000.0,,,6,0,0,0
2019-12-17,中国,CN,湖北省,420000.0,,,7,0,0,0
2019-12-18,中国,CN,湖北省,420000.0,,,8,0,0,0
2019-12-19,中国,CN,湖北省,420000.0,,,9,0,0,0
2019-12-20,中国,CN,湖北省,420000.0,,,14,0,0,0
2019-12-21,中国,CN,湖北省,420000.0,,,18,0,0,0
2019-12-22,中国,CN,湖北省,420000.0,,,21,0,0,0
2019-12-23,中国,CN,湖北省,420000.0,,,29,0,0,0
2019-12-24,中国,CN,湖北省,420000.0,,,30,0,0,0
2019-12-25,中国,CN,湖北省,420000.0,,,33,0,0,0
2019-12-26,中国,CN,湖北省,420000.0,,,35,0,0,0
2019-12-27,中国,CN,湖北省,420000.0,,,37,0,0,0
2019-12-28,中国,CN,湖北省,420000.0,,,37,0,0,0
2019-12-29,中国,CN,湖北省,420000.0,,,37,0,0,0
2019-12-30,中国,CN,湖北省,420000.0,,,37,0,0,0
2019-12-31,中国,CN,湖北省,420000.0,,,40,0,0,0
2020-01-01,中国,CN,湖北省,420000.0,,,43,0,0,0
2020-01-02,中国,CN,湖北省,420000.0,,,44,0,0,0
2020-01-03,中国,CN,湖北省,420000.0,,,41,0,0,0
2020-01-04,中国,CN,湖北省,420000.0,,,41,0,0,0
2020-01-05,中国,CN,湖北省,420000.0,,,41,0,0,0
2020-01-06,中国,CN,湖北省,420000.0,,,41,0,0,0
2020-01-07,中国,CN,湖北省,420000.0,,,41,0,0,0
2020-01-08,中国,CN,湖北省,420000.0,,,41,0,0,0
2020-01-09,中国,CN,湖北省,420000.0,,,41,0,0,0
2020-01-10,中国,CN,湖北省,420000.0,,,41,0,2,1
2020-01-11,中国,CN,湖北省,420000.0,,,41,0,6,1
2020-01-12,中国,CN,湖北省,420000.0,,,41,0,7,1
2020-01-13,中国,CN,湖北省,420000.0,,,41,0,7,1
2020-01-14,中国,CN,湖北省,420000.0,,,41,0,7,1
2020-01-15,中国,CN,湖北省,420000.0,,,41,0,12,2
2020-01-16,中国,CN,湖北省,420000.0,,,45,0,15,2
2020-01-17,中国,CN,湖北省,420000.0,,,62,0,19,2
2020-01-18,中国,CN,湖北省,420000.0,,,121,0,24,3
2020-01-19,中国,CN,湖北省,420000.0,,,198,0,25,3
2020-01-19,中国,CN,广东省,440000.0,,,1,0,0,0
2020-01-20,中国,CN,北京市,110000.0,,,5,0,0,0
2020-01-20,中国,CN,吉林省,220000.0,,,0,1,0,0
2020-01-20,中国,CN,上海市,310000.0,,,1,0,0,0
2020-01-20,中国,CN,浙江省,330000.0,,,0,16,0,0
2020-01-20,中国,CN,安徽省,340000.0,,,0,1,0,0
2020-01-20,中国,CN,江西省,360000.0,,,0,2,0,0
2020-01-20,中国,CN,山东省,370000.0,,,0,1,0,0
2020-01-20,中国,CN,湖北省,420000.0,,,270,0,25,6
2020-01-20,中国,CN,广东省,440000.0,,,14,7,0,0
2020-01-20,中国,CN,广西壮族自治区,450000.0,,,0,1,0,0
2020-01-20,中国,CN,海南省,460000.0,,,0,1,0,0
2020-01-20,中国,CN,四川省,510000.0,,,0,3,0,0
2020-01-20,中国,CN,贵州省,520000.0,,,0,1,0,0
2020-01-20,中国,CN,云南省,530000.0,,,0,1,0,0
2020-01-20,中国,CN,宁夏回族自治区,640000.0,,,0,1,0,0
2020-01-21,中国,CN,北京市,110000.0,,,10,0,0,0
2020-01-21,中国,CN,天津市,120000.0,,,2,0,0,0
2020-01-21,中国,CN,山西省,140000.0,,,0,1,0,0
2020-01-21,中国,CN,吉林省,220000.0,,,0,1,0,0
2020-01-21,中国,CN,黑龙江省,230000.0,,,0,1,0,0
2020-01-21,中国,CN,上海市,310000.0,,,6,3,0,0
2020-01-21,中国,CN,浙江省,330000.0,,,5,0,0,0
2020-01-21,中国,CN,安徽省,340000.0,,,0,1,0,0
2020-01-21,中国,CN,江西省,360000.0,,,2,0,0,0
2020-01-21,中国,CN,山东省,370000.0,,,1,0,0,0
2020-01-21,中国,CN,河南省,410000.0,,,1,0,0,0
2020-01-21,中国,CN,湖北省,420000.0,,,375,0,28,9
2020-01-21,中国,CN,湖南省,430000.0,,,1,0,0,0
2020-01-21,中国,CN,广东省,440000.0,,,26,0,0,0
2020-01-21,中国,CN,广西壮族自治区,450000.0,,,0,2,0,0
2020-01-21,中国,CN,海南省,460000.0,,,0,1,0,0
2020-01-21,中国,CN,重庆市,500000.0,,,5,0,0,0
2020-01-21,中国,CN,四川省,510000.0,,,2,5,0,0
2020-01-21,中国,CN,贵州省,520000.0,,,0,1,0,0
2020-01-21,中国,CN,云南省,530000.0,,,1,0,0,0
2020-01-21,中国,CN,宁夏回族自治区,640000.0,,,0,1,0,0
2020-01-22,中国,CN,北京市,110000.0,,,14,0,0,0
2020-01-22,中国,CN,天津市,120000.0,,,4,0,0,0
2020-01-22,中国,CN,河北省,130000.0,,,1,0,0,0
2020-01-22,中国,CN,山西省,140000.0,,,1,0,0,0
2020-01-22,中国,CN,辽宁省,210000.0,,,2,0,0,0
2020-01-22,中国,CN,吉林省,220000.0,,,1,0,0,0
2020-01-22,中国,CN,黑龙江省,230000.0,,,1,0,0,0
2020-01-22,中国,CN,上海市,310000.0,,,16,22,0,0
2020-01-22,中国,CN,江苏省,320000.0,,,1,0,0,0
2020-01-22,中国,CN,浙江省,330000.0,,,10,0,0,0
2020-01-22,中国,CN,安徽省,340000.0,,,1,4,0,0
2020-01-22,中国,CN,福建省,350000.0,,,1,0,0,0
2020-01-22,中国,CN,江西省,360000.0,,,3,0,0,0
2020-01-22,中国,CN,山东省,370000.0,,,6,0,0,0
2020-01-22,中国,CN,河南省,410000.0,,,5,0,0,0
2020-01-22,中国,CN,湖北省,420000.0,,,444,0,28,17
2020-01-22,中国,CN,湖南省,430000.0,,,4,0,0,0
2020-01-22,中国,CN,广东省,440000.0,,,32,0,0,0
2020-01-22,中国,CN,广西壮族自治区,450000.0,,,2,1,0,0
2020-01-22,中国,CN,海南省,460000.0,,,5,32,0,0
2020-01-22,中国,CN,重庆市,500000.0,,,9,0,0,0
2020-01-22,中国,CN,四川省,510000.0,,,5,2,0,0
2020-01-22,中国,CN,贵州省,520000.0,,,3,0,0,0
2020-01-22,中国,CN,陕西省,610000.0,,,4,0,0,0
2020-01-22,中国,CN,宁夏回族自治区,640000.0,,,1,0,0,0
2020-01-22,中国,CN,台湾省,710000.0,,,1,0,0,0
2020-01-22,中国,CN,香港特别行政区,810000.0,,,1,0,0,0
2020-01-22,中国,CN,澳门特别行政区,820000.0,,,1,0,0,0
2020-01-23,中国,CN,北京市,110000.0,,,22,0,0,0
2020-01-23,中国,CN,天津市,120000.0,,,5,0,0,0
2020-01-23,中国,CN,河北省,130000.0,,,2,0,0,1
2020-01-23,中国,CN,山西省,140000.0,,,1,0,0,0
2020-01-23,中国,CN,内蒙古自治区,150000.0,,,1,2,0,0
2020-01-23,中国,CN,辽宁省,210000.0,,,4,0,0,0
2020-01-23,中国,CN,吉林省,220000.0,,,3,0,0,0
2020-01-23,中国,CN,黑龙江省,230000.0,,,4,0,0,1
2020-01-23,中国,CN,上海市,310000.0,,,20,34,0,0
2020-01-23,中国,CN,江苏省,320000.0,,,9,0,0,0
2020-01-23,中国,CN,浙江省,330000.0,,,43,0,1,0
2020-01-23,中国,CN,安徽省,340000.0,,,15,0,0,0
2020-01-23,中国,CN,福建省,350000.0,,,4,0,0,0
2020-01-23,中国,CN,江西省,360000.0,,,7,0,0,0
2020-01-23,中国,CN,山东省,370000.0,,,9,0,0,0
2020-01-23,中国,CN,河南省,410000.0,,,9,0,0,0
2020-01-23,中国,CN,湖北省,420000.0,,,549,0,31,24
2020-01-23,中国,CN,湖南省,430000.0,,,24,0,0,0
2020-01-23,中国,CN,广东省,440000.0,,,53,0,2,0
2020-01-23,中国,CN,广西壮族自治区,450000.0,,,13,0,0,0
2020-01-23,中国,CN,海南省,460000.0,,,8,0,0,0
2020-01-23,中国,CN,重庆市,500000.0,,,27,0,0,0
2020-01-23,中国,CN,四川省,510000.0,,,15,0,0,0
2020-01-23,中国,CN,贵州省,520000.0,,,3,0,0,0
2020-01-23,中国,CN,云南省,530000.0,,,2,0,0,0
2020-01-23,中国,CN,陕西省,610000.0,,,5,0,0,0
2020-01-23,中国,CN,甘肃省,620000.0,,,2,1,0,0
2020-01-23,中国,CN,宁夏回族自治区,640000.0,,,2,1,0,0
2020-01-23,中国,CN,新疆维吾尔自治区,650000.0,,,2,0,0,0
2020-01-23,中国,CN,台湾省,710000.0,,,1,0,0,0
2020-01-23,中国,CN,香港特别行政区,810000.0,,,2,0,0,0
2020-01-23,中国,CN,澳门特别行政区,820000.0,,,2,0,0,0
2020-01-24,中国,CN,北京市,110000.0,,,36,0,0,0
2020-01-24,中国,CN,天津市,120000.0,,,8,0,0,0
2020-01-24,中国,CN,河北省,130000.0,,,8,0,0,1
2020-01-24,中国,CN,山西省,140000.0,,,6,0,0,0
2020-01-24,中国,CN,内蒙古自治区,150000.0,,,2,5,0,0
2020-01-24,中国,CN,辽宁省,210000.0,,,12,0,0,0
2020-01-24,中国,CN,吉林省,220000.0,,,4,0,0,0
2020-01-24,中国,CN,黑龙江省,230000.0,,,9,0,0,1
2020-01-24,中国,CN,上海市,310000.0,,,33,72,1,0
2020-01-24,中国,CN,江苏省,320000.0,,,18,0,1,0
2020-01-24,中国,CN,浙江省,330000.0,,,62,0,1,0
2020-01-24,中国,CN,安徽省,340000.0,,,39,0,0,0
2020-01-24,中国,CN,福建省,350000.0,,,10,4,0,0
2020-01-24,中国,CN,江西省,360000.0,,,18,0,0,0
2020-01-24,中国,CN,山东省,370000.0,,,21,11,0,0
2020-01-24,中国,CN,河南省,410000.0,,,32,1,0,0
2020-01-24,中国,CN,湖北省,420000.0,,,729,0,32,39
2020-01-24,中国,CN,湖南省,430000.0,,,43,0,0,0
2020-01-24,中国,CN,广东省,440000.0,,,78,0,2,0
2020-01-24,中国,CN,广西壮族自治区,450000.0,,,23,0,0,0
2020-01-24,中国,CN,海南省,460000.0,,,17,0,0,0
2020-01-24,中国,CN,重庆市,500000.0,,,57,0,0,0
2020-01-24,中国,CN,四川省,510000.0,,,28,0,0,0
2020-01-24,中国,CN,贵州省,520000.0,,,4,0,0,0
2020-01-24,中国,CN,云南省,530000.0,,,5,0,0,0
2020-01-24,中国,CN,陕西省,610000.0,,,15,0,0,0
2020-01-24,中国,CN,甘肃省,620000.0,,,4,0,0,0
2020-01-24,中国,CN,青海省,630000.0,,,0,1,0,0
2020-01-24,中国,CN,宁夏回族自治区,640000.0,,,3,1,0,0
2020-01-24,中国,CN,新疆维吾尔自治区,650000.0,,,3,0,0,0
2020-01-24,中国,CN,台湾省,710000.0,,,3,0,0,0
2020-01-24,中国,CN,香港特别行政区,810000.0,,,5,0,0,0
2020-01-24,中国,CN,澳门特别行政区,820000.0,,,2,0,0,0
2020-01-25,中国,CN,北京市,110000.0,,,41,0,0,0
2020-01-25,中国,CN,天津市,120000.0,,,10,0,0,0
2020-01-25,中国,CN,河北省,130000.0,,,13,0,0,1
2020-01-25,中国,CN,山西省,140000.0,,,9,0,0,0
2020-01-25,中国,CN,内蒙古自治区,150000.0,,,7,0,0,0
2020-01-25,中国,CN,辽宁省,210000.0,,,16,0,0,0
2020-01-25,中国,CN,吉林省,220000.0,,,4,0,0,0
2020-01-25,中国,CN,黑龙江省,230000.0,,,15,17,0,1
2020-01-25,中国,CN,上海市,310000.0,,,40,95,1,1
2020-01-25,中国,CN,江苏省,320000.0,,,31,0,1,0
2020-01-25,中国,CN,浙江省,330000.0,,,104,0,1,0
2020-01-25,中国,CN,安徽省,340000.0,,,60,0,0,0
2020-01-25,中国,CN,福建省,350000.0,,,18,20,0,0
2020-01-25,中国,CN,江西省,360000.0,,,36,0,0,0
2020-01-25,中国,CN,山东省,370000.0,,,39,11,0,0
2020-01-25,中国,CN,河南省,410000.0,,,83,3,0,1
2020-01-25,中国,CN,湖北省,420000.0,,,1052,0,42,52
2020-01-25,中国,CN,湖南省,430000.0,,,69,0,0,0
2020-01-25,中国,CN,广东省,440000.0,,,98,0,2,0
2020-01-25,中国,CN,广西壮族自治区,450000.0,,,33,0,0,0
2020-01-25,中国,CN,海南省,460000.0,,,22,0,0,0
2020-01-25,中国,CN,重庆市,500000.0,,,75,0,0,0
2020-01-25,中国,CN,四川省,510000.0,,,44,0,0,0
2020-01-25,中国,CN,贵州省,520000.0,,,5,0,0,0
2020-01-25,中国,CN,云南省,530000.0,,,11,0,0,0
2020-01-25,中国,CN,陕西省,610000.0,,,22,0,0,0
2020-01-25,中国,CN,甘肃省,620000.0,,,7,0,0,0
2020-01-25,中国,CN,青海省,630000.0,,,1,0,0,0
2020-01-25,中国,CN,宁夏回族自治区,640000.0,,,4,1,0,0
2020-01-25,中国,CN,新疆维吾尔自治区,650000.0,,,4,0,0,0
2020-01-25,中国,CN,台湾省,710000.0,,,3,0,0,0
2020-01-25,中国,CN,香港特别行政区,810000.0,,,5,0,0,0
2020-01-25,中国,CN,澳门特别行政区,820000.0,,,2,0,0,0
2020-01-26,中国,CN,北京市,110000.0,,,68,0,0,0
2020-01-26,中国,CN,天津市,120000.0,,,14,0,0,0
2020-01-26,中国,CN,河北省,130000.0,,,18,16,0,1
2020-01-26,中国,CN,山西省,140000.0,,,13,0,0,0
2020-01-26,中国,CN,内蒙古自治区,150000.0,,,11,1,0,0
2020-01-26,中国,CN,辽宁省,210000.0,,,22,0,0,0
2020-01-26,中国,CN,吉林省,220000.0,,,6,0,0,0
2020-01-26,中国,CN,黑龙江省,230000.0,,,21,48,0,1
2020-01-26,中国,CN,上海市,310000.0,,,53,90,1,1
2020-01-26,中国,CN,江苏省,320000.0,,,47,0,1,0
2020-01-26,中国,CN,浙江省,330000.0,,,128,0,1,0
2020-01-26,中国,CN,安徽省,340000.0,,,70,0,0,0
2020-01-26,中国,CN,福建省,350000.0,,,35,39,0,0
2020-01-26,中国,CN,江西省,360000.0,,,48,0,0,0
2020-01-26,中国,CN,山东省,370000.0,,,63,33,0,0
2020-01-26,中国,CN,河南省,410000.0,,,128,18,0,1
2020-01-26,中国,CN,湖北省,420000.0,,,1423,0,44,76
2020-01-26,中国,CN,湖南省,430000.0,,,100,0,0,0
2020-01-26,中国,CN,广东省,440000.0,,,146,0,2,0
2020-01-26,中国,CN,广西壮族自治区,450000.0,,,46,0,0,0
2020-01-26,中国,CN,海南省,460000.0,,,31,0,0,1
2020-01-26,中国,CN,重庆市,500000.0,,,110,0,0,0
2020-01-26,中国,CN,四川省,510000.0,,,69,0,0,0
2020-01-26,中国,CN,贵州省,520000.0,,,7,3,0,0
2020-01-26,中国,CN,云南省,530000.0,,,19,36,0,0
2020-01-26,中国,CN,陕西省,610000.0,,,35,0,0,0
2020-01-26,中国,CN,甘肃省,620000.0,,,14,0,0,0
2020-01-26,中国,CN,青海省,630000.0,,,4,0,0,0
2020-01-26,中国,CN,宁夏回族自治区,640000.0,,,7,0,0,0
2020-01-26,中国,CN,新疆维吾尔自治区,650000.0,,,5,0,0,0
2020-01-26,中国,CN,台湾省,710000.0,,,4,0,0,0
2020-01-26,中国,CN,香港特别行政区,810000.0,,,8,0,0,0
2020-01-26,中国,CN,澳门特别行政区,820000.0,,,5,0,0,0
2020-01-27,中国,CN,北京市,110000.0,,,80,0,2,1
2020-01-27,中国,CN,天津市,120000.0,,,23,0,0,0
2020-01-27,中国,CN,河北省,130000.0,,,33,54,0,1
2020-01-27,中国,CN,山西省,140000.0,,,20,0,0,0
2020-01-27,中国,CN,内蒙古自治区,150000.0,,,13,2,0,0
2020-01-27,中国,CN,辽宁省,210000.0,,,27,0,0,0
2020-01-27,中国,CN,吉林省,220000.0,,,8,0,0,0
2020-01-27,中国,CN,黑龙江省,230000.0,,,30,67,0,1
2020-01-27,中国,CN,上海市,310000.0,,,66,129,3,1
2020-01-27,中国,CN,江苏省,320000.0,,,70,0,1,0
2020-01-27,中国,CN,浙江省,330000.0,,,173,0,1,0
2020-01-27,中国,CN,安徽省,340000.0,,,106,38,0,0
2020-01-27,中国,CN,福建省,350000.0,,,59,46,0,0
2020-01-27,中国,CN,江西省,360000.0,,,72,0,0,0
2020-01-27,中国,CN,山东省,370000.0,,,63,42,0,0
2020-01-27,中国,CN,河南省,410000.0,,,168,100,0,1
2020-01-27,中国,CN,湖北省,420000.0,,,2714,0,47,100
2020-01-27,中国,CN,湖南省,430000.0,,,143,0,0,0
2020-01-27,中国,CN,广东省,440000.0,,,188,0,4,0
2020-01-27,中国,CN,广西壮族自治区,450000.0,,,51,0,0,0
2020-01-27,中国,CN,海南省,460000.0,,,40,0,0,1
2020-01-27,中国,CN,重庆市,500000.0,,,132,0,0,0
2020-01-27,中国,CN,四川省,510000.0,,,90,0,0,0
2020-01-27,中国,CN,贵州省,520000.0,,,9,1,0,0
2020-01-27,中国,CN,云南省,530000.0,,,44,125,0,0
2020-01-27,中国,CN,陕西省,610000.0,,,46,0,0,0
2020-01-27,中国,CN,甘肃省,620000.0,,,19,0,0,0
2020-01-27,中国,CN,青海省,630000.0,,,6,0,0,0
2020-01-27,中国,CN,宁夏回族自治区,640000.0,,,11,0,0,0
2020-01-27,中国,CN,新疆维吾尔自治区,650000.0,,,10,0,0,0
2020-01-27,中国,CN,台湾省,710000.0,,,5,0,0,0
2020-01-27,中国,CN,香港特别行政区,810000.0,,,8,0,0,0
2020-01-27,中国,CN,澳门特别行政区,820000.0,,,7,0,0,0
2020-01-28,中国,CN,北京市,110000.0,,,91,0,4,1
2020-01-28,中国,CN,天津市,120000.0,,,24,0,0,0
2020-01-28,中国,CN,河北省,130000.0,,,48,56,0,1
2020-01-28,中国,CN,山西省,140000.0,,,27,0,0,0
2020-01-28,中国,CN,内蒙古自治区,150000.0,,,16,2,0,0
2020-01-28,中国,CN,辽宁省,210000.0,,,34,0,0,0
2020-01-28,中国,CN,吉林省,220000.0,,,9,0,0,0
2020-01-28,中国,CN,黑龙江省,230000.0,,,37,87,0,1
2020-01-28,中国,CN,上海市,310000.0,,,80,167,4,1
2020-01-28,中国,CN,江苏省,320000.0,,,99,0,1,0
2020-01-28,中国,CN,浙江省,330000.0,,,296,0,3,0
2020-01-28,中国,CN,安徽省,340000.0,,,152,42,0,0
2020-01-28,中国,CN,福建省,350000.0,,,80,67,0,0
2020-01-28,中国,CN,江西省,360000.0,,,109,0,3,0
2020-01-28,中国,CN,山东省,370000.0,,,121,55,0,0
2020-01-28,中国,CN,河南省,410000.0,,,206,78,1,2
2020-01-28,中国,CN,湖北省,420000.0,,,3554,0,80,125
2020-01-28,中国,CN,湖南省,430000.0,,,221,0,0,0
2020-01-28,中国,CN,广东省,440000.0,,,241,0,5,0
2020-01-28,中国,CN,广西壮族自治区,450000.0,,,58,0,2,0
2020-01-28,中国,CN,海南省,460000.0,,,43,0,0,1
2020-01-28,中国,CN,重庆市,500000.0,,,147,0,0,0
2020-01-28,中国,CN,四川省,510000.0,,,108,0,0,0
2020-01-28,中国,CN,贵州省,520000.0,,,9,3,1,0
2020-01-28,中国,CN,云南省,530000.0,,,51,163,0,0
2020-01-28,中国,CN,西藏自治区,540000.0,,,0,1,0,0
2020-01-28,中国,CN,陕西省,610000.0,,,56,0,0,0
2020-01-28,中国,CN,甘肃省,620000.0,,,24,0,0,0
2020-01-28,中国,CN,青海省,630000.0,,,6,0,0,0
2020-01-28,中国,CN,宁夏回族自治区,640000.0,,,12,2,0,0
2020-01-28,中国,CN,新疆维吾尔自治区,650000.0,,,13,0,0,0
2020-01-28,中国,CN,台湾省,710000.0,,,8,0,0,0
2020-01-28,中国,CN,香港特别行政区,810000.0,,,8,0,0,0
2020-01-28,中国,CN,澳门特别行政区,820000.0,,,7,0,0,0
2020-01-29,中国,CN,北京市,110000.0,,,114,0,4,1
2020-01-29,中国,CN,天津市,120000.0,,,27,0,0,0
2020-01-29,中国,CN,河北省,130000.0,,,65,68,0,1
2020-01-29,中国,CN,山西省,140000.0,,,35,0,1,0
2020-01-29,中国,CN,内蒙古自治区,150000.0,,,18,1,0,0
2020-01-29,中国,CN,辽宁省,210000.0,,,41,0,1,0
2020-01-29,中国,CN,吉林省,220000.0,,,14,10,0,0
2020-01-29,中国,CN,黑龙江省,230000.0,,,43,105,0,1
2020-01-29,中国,CN,上海市,310000.0,,,101,180,5,1
2020-01-29,中国,CN,江苏省,320000.0,,,129,0,1,0
2020-01-29,中国,CN,浙江省,330000.0,,,428,0,4,0
2020-01-29,中国,CN,安徽省,340000.0,,,200,45,2,0
2020-01-29,中国,CN,福建省,350000.0,,,101,111,0,0
2020-01-29,中国,CN,江西省,360000.0,,,162,0,3,0
2020-01-29,中国,CN,山东省,370000.0,,,145,79,1,0
2020-01-29,中国,CN,河南省,410000.0,,,206,29,2,2
2020-01-29,中国,CN,湖北省,420000.0,,,4586,0,90,162
2020-01-29,中国,CN,湖南省,430000.0,,,277,0,0,0
2020-01-29,中国,CN,广东省,440000.0,,,311,0,6,0
2020-01-29,中国,CN,广西壮族自治区,450000.0,,,78,0,2,0
2020-01-29,中国,CN,海南省,460000.0,,,46,0,1,1
2020-01-29,中国,CN,重庆市,500000.0,,,165,0,1,0
2020-01-29,中国,CN,四川省,510000.0,,,142,0,1,1
2020-01-29,中国,CN,贵州省,520000.0,,,12,6,1,0
2020-01-29,中国,CN,云南省,530000.0,,,70,191,0,0
2020-01-29,中国,CN,西藏自治区,540000.0,,,1,0,0,0
2020-01-29,中国,CN,陕西省,610000.0,,,63,116,0,0
2020-01-29,中国,CN,甘肃省,620000.0,,,26,0,0,0
2020-01-29,中国,CN,青海省,630000.0,,,6,1,0,0
2020-01-29,中国,CN,宁夏回族自治区,640000.0,,,17,1,0,0
2020-01-29,中国,CN,新疆维吾尔自治区,650000.0,,,14,0,0,0
2020-01-29,中国,CN,台湾省,710000.0,,,8,0,0,0
2020-01-29,中国,CN,香港特别行政区,810000.0,,,10,0,0,0
2020-01-29,中国,CN,澳门特别行政区,820000.0,,,7,0,0,0
2020-01-30,中国,CN,北京市,110000.0,,,132,0,5,1
2020-01-30,中国,CN,天津市,120000.0,,,31,0,0,0
2020-01-30,中国,CN,河北省,130000.0,,,82,78,0,1
2020-01-30,中国,CN,山西省,140000.0,,,39,0,1,0
2020-01-30,中国,CN,内蒙古自治区,150000.0,,,20,1,0,0
2020-01-30,中国,CN,辽宁省,210000.0,,,45,0,1,0
2020-01-30,中国,CN,吉林省,220000.0,,,14,10,1,0
2020-01-30,中国,CN,黑龙江省,230000.0,,,59,128,0,2
2020-01-30,中国,CN,上海市,310000.0,,,128,164,5,1
2020-01-30,中国,CN,江苏省,320000.0,,,168,0,2,0
2020-01-30,中国,CN,浙江省,330000.0,,,537,0,9,0
2020-01-30,中国,CN,安徽省,340000.0,,,237,70,3,0
2020-01-30,中国,CN,福建省,350000.0,,,120,116,0,0
2020-01-30,中国,CN,江西省,360000.0,,,240,0,7,0
2020-01-30,中国,CN,山东省,370000.0,,,178,90,2,0
2020-01-30,中国,CN,河南省,410000.0,,,352,4,3,2
2020-01-30,中国,CN,湖北省,420000.0,,,5806,0,116,204
2020-01-30,中国,CN,湖南省,430000.0,,,332,0,2,0
2020-01-30,中国,CN,广东省,440000.0,,,393,0,9,0
2020-01-30,中国,CN,广西壮族自治区,450000.0,,,87,0,2,0
2020-01-30,中国,CN,海南省,460000.0,,,49,0,1,1
2020-01-30,中国,CN,重庆市,500000.0,,,206,0,1,0
2020-01-30,中国,CN,四川省,510000.0,,,177,0,1,1
2020-01-30,中国,CN,贵州省,520000.0,,,15,61,1,0
2020-01-30,中国,CN,云南省,530000.0,,,80,236,0,0
2020-01-30,中国,CN,西藏自治区,540000.0,,,1,0,0,0
2020-01-30,中国,CN,陕西省,610000.0,,,87,132,0,0
2020-01-30,中国,CN,甘肃省,620000.0,,,29,0,0,0
2020-01-30,中国,CN,青海省,630000.0,,,8,0,0,0
2020-01-30,中国,CN,宁夏回族自治区,640000.0,,,21,1,0,0
2020-01-30,中国,CN,新疆维吾尔自治区,650000.0,,,17,0,0,0
2020-01-30,中国,CN,台湾省,710000.0,,,9,0,0,0
2020-01-30,中国,CN,香港特别行政区,810000.0,,,12,0,0,0
2020-01-30,中国,CN,澳门特别行政区,820000.0,,,7,0,0,0
2020-01-31,中国,CN,北京市,110000.0,,,156,0,5,1
2020-01-31,中国,CN,天津市,120000.0,,,32,0,0,0
2020-01-31,中国,CN,河北省,130000.0,,,96,88,0,1
2020-01-31,中国,CN,山西省,140000.0,,,47,75,1,0
2020-01-31,中国,CN,内蒙古自治区,150000.0,,,23,5,1,0
2020-01-31,中国,CN,辽宁省,210000.0,,,60,0,1,0
2020-01-31,中国,CN,吉林省,220000.0,,,17,10,1,0
2020-01-31,中国,CN,黑龙江省,230000.0,,,80,149,0,2
2020-01-31,中国,CN,上海市,310000.0,,,153,167,9,1
2020-01-31,中国,CN,江苏省,320000.0,,,202,0,5,0
2020-01-31,中国,CN,浙江省,330000.0,,,599,0,15,0
2020-01-31,中国,CN,安徽省,340000.0,,,297,0,3,0
2020-01-31,中国,CN,福建省,350000.0,,,144,111,0,0
2020-01-31,中国,CN,江西省,360000.0,,,286,0,9,0
2020-01-31,中国,CN,山东省,370000.0,,,202,83,2,0
2020-01-31,中国,CN,河南省,410000.0,,,422,751,3,2
2020-01-31,中国,CN,湖北省,420000.0,,,7153,0,166,249
2020-01-31,中国,CN,湖南省,430000.0,,,389,0,3,0
2020-01-31,中国,CN,广东省,440000.0,,,520,0,0,0
2020-01-31,中国,CN,广西壮族自治区,450000.0,,,100,0,2,0
2020-01-31,中国,CN,海南省,460000.0,,,57,0,1,1
2020-01-31,中国,CN,重庆市,500000.0,,,238,0,1,1
2020-01-31,中国,CN,四川省,510000.0,,,207,0,3,1
2020-01-31,中国,CN,贵州省,520000.0,,,29,67,2,0
2020-01-31,中国,CN,云南省,530000.0,,,91,228,1,0
2020-01-31,中国,CN,西藏自治区,540000.0,,,1,0,0,0
2020-01-31,中国,CN,陕西省,610000.0,,,101,158,0,0
2020-01-31,中国,CN,甘肃省,620000.0,,,35,0,0,0
2020-01-31,中国,CN,青海省,630000.0,,,9,0,0,0
2020-01-31,中国,CN,宁夏回族自治区,640000.0,,,26,1,0,0
2020-01-31,中国,CN,新疆维吾尔自治区,650000.0,,,18,0,0,0
2020-01-31,中国,CN,台湾省,710000.0,,,10,0,0,0
2020-01-31,中国,CN,香港特别行政区,810000.0,,,13,0,0,0
2020-01-31,中国,CN,澳门特别行政区,820000.0,,,7,0,0,0
2020-02-01,中国,CN,北京市,110000.0,,,183,0,9,1
2020-02-01,中国,CN,天津市,120000.0,,,41,0,0,0
2020-02-01,中国,CN,河北省,130000.0,,,104,104,3,1
2020-02-01,中国,CN,山西省,140000.0,,,56,64,1,0
2020-02-01,中国,CN,内蒙古自治区,150000.0,,,27,7,1,0
2020-02-01,中国,CN,辽宁省,210000.0,,,64,0,1,0
2020-02-01,中国,CN,吉林省,220000.0,,,23,14,1,0
2020-02-01,中国,CN,黑龙江省,230000.0,,,95,172,0,2
2020-02-01,中国,CN,上海市,310000.0,,,177,168,10,1
2020-02-01,中国,CN,江苏省,320000.0,,,236,0,6,0
2020-02-01,中国,CN,浙江省,330000.0,,,661,0,23,0
2020-02-01,中国,CN,安徽省,340000.0,,,340,0,5,0
2020-02-01,中国,CN,福建省,350000.0,,,159,99,0,0
2020-02-01,中国,CN,江西省,360000.0,,,333,0,10,0
2020-02-01,中国,CN,山东省,370000.0,,,225,81,5,0
2020-02-01,中国,CN,河南省,410000.0,,,493,754,4,2
2020-02-01,中国,CN,湖北省,420000.0,,,9074,0,215,294
2020-02-01,中国,CN,湖南省,430000.0,,,463,0,8,0
2020-02-01,中国,CN,广东省,440000.0,,,604,0,12,0
2020-02-01,中国,CN,广西壮族自治区,450000.0,,,111,0,2,0
2020-02-01,中国,CN,海南省,460000.0,,,63,0,1,1
2020-02-01,中国,CN,重庆市,500000.0,,,262,0,3,1
2020-02-01,中国,CN,四川省,510000.0,,,231,0,3,1
2020-02-01,中国,CN,贵州省,520000.0,,,38,65,2,0
2020-02-01,中国,CN,云南省,530000.0,,,99,261,2,0
2020-02-01,中国,CN,西藏自治区,540000.0,,,1,0,0,0
2020-02-01,中国,CN,陕西省,610000.0,,,116,201,0,0
2020-02-01,中国,CN,甘肃省,620000.0,,,40,0,0,0
2020-02-01,中国,CN,青海省,630000.0,,,9,0,0,0
2020-02-01,中国,CN,宁夏回族自治区,640000.0,,,28,8,0,0
2020-02-01,中国,CN,新疆维吾尔自治区,650000.0,,,21,0,0,0
2020-02-01,中国,CN,台湾省,710000.0,,,10,0,0,0
2020-02-01,中国,CN,香港特别行政区,810000.0,,,14,0,0,0
2020-02-01,中国,CN,澳门特别行政区,820000.0,,,7,0,0,0
2020-02-02,中国,CN,北京市,110000.0,,,212,0,12,1
2020-02-02,中国,CN,天津市,120000.0,,,48,0,1,0
2020-02-02,中国,CN,河北省,130000.0,,,113,108,3,1
2020-02-02,中国,CN,山西省,140000.0,,,66,64,2,0
2020-02-02,中国,CN,内蒙古自治区,150000.0,,,34,3,1,0
2020-02-02,中国,CN,辽宁省,210000.0,,,70,0,1,0
2020-02-02,中国,CN,吉林省,220000.0,,,31,17,1,0
2020-02-02,中国,CN,黑龙江省,230000.0,,,118,163,2,2
2020-02-02,中国,CN,上海市,310000.0,,,193,173,10,1
2020-02-02,中国,CN,江苏省,320000.0,,,271,0,7,0
2020-02-02,中国,CN,浙江省,330000.0,,,724,0,36,0
2020-02-02,中国,CN,安徽省,340000.0,,,408,0,7,0
2020-02-02,中国,CN,福建省,350000.0,,,179,96,0,0
2020-02-02,中国,CN,江西省,360000.0,,,391,0,18,0
2020-02-02,中国,CN,山东省,370000.0,,,246,62,6,0
2020-02-02,中国,CN,河南省,410000.0,,,566,26,14,2
2020-02-02,中国,CN,湖北省,420000.0,,,11177,0,295,350
2020-02-02,中国,CN,湖南省,430000.0,,,521,0,16,0
2020-02-02,中国,CN,广东省,440000.0,,,683,0,14,0
2020-02-02,中国,CN,广西壮族自治区,450000.0,,,127,0,2,0
2020-02-02,中国,CN,海南省,460000.0,,,70,0,4,1
2020-02-02,中国,CN,重庆市,500000.0,,,300,0,7,2
2020-02-02,中国,CN,四川省,510000.0,,,254,0,12,1
2020-02-02,中国,CN,贵州省,520000.0,,,46,46,2,0
2020-02-02,中国,CN,云南省,530000.0,,,109,252,3,0
2020-02-02,中国,CN,西藏自治区,540000.0,,,1,0,0,0
2020-02-02,中国,CN,陕西省,610000.0,,,128,205,0,0
2020-02-02,中国,CN,甘肃省,620000.0,,,51,0,3,0
2020-02-02,中国,CN,青海省,630000.0,,,13,0,0,0
2020-02-02,中国,CN,宁夏回族自治区,640000.0,,,31,12,0,0
2020-02-02,中国,CN,新疆维吾尔自治区,650000.0,,,24,0,0,0
2020-02-02,中国,CN,台湾省,710000.0,,,10,0,0,0
2020-02-02,中国,CN,香港特别行政区,810000.0,,,15,0,0,0
2020-02-02,中国,CN,澳门特别行政区,820000.0,,,8,0,0,0
2020-02-03,中国,CN,北京市,110000.0,,,228,0,23,1
2020-02-03,中国,CN,天津市,120000.0,,,60,0,1,0
2020-02-03,中国,CN,河北省,130000.0,,,126,93,3,1
2020-02-03,中国,CN,山西省,140000.0,,,74,62,2,0
2020-02-03,中国,CN,内蒙古自治区,150000.0,,,35,3,1,0
2020-02-03,中国,CN,辽宁省,210000.0,,,74,0,1,0
2020-02-03,中国,CN,吉林省,220000.0,,,42,24,1,0
2020-02-03,中国,CN,黑龙江省,230000.0,,,155,178,2,2
2020-02-03,中国,CN,上海市,310000.0,,,208,168,10,1
2020-02-03,中国,CN,江苏省,320000.0,,,308,0,8,0
2020-02-03,中国,CN,浙江省,330000.0,,,829,0,48,0
2020-02-03,中国,CN,安徽省,340000.0,,,480,0,14,0
2020-02-03,中国,CN,福建省,350000.0,,,194,87,1,0
2020-02-03,中国,CN,江西省,360000.0,,,476,0,19,0
2020-02-03,中国,CN,山东省,370000.0,,,270,70,7,0
2020-02-03,中国,CN,河南省,410000.0,,,675,44,20,2
2020-02-03,中国,CN,湖北省,420000.0,,,13522,0,396,414
2020-02-03,中国,CN,湖南省,430000.0,,,593,0,22,0
2020-02-03,中国,CN,广东省,440000.0,,,797,180,20,0
2020-02-03,中国,CN,广西壮族自治区,450000.0,,,139,0,7,0
2020-02-03,中国,CN,海南省,460000.0,,,79,0,4,1
2020-02-03,中国,CN,重庆市,500000.0,,,337,0,9,2
2020-02-03,中国,CN,四川省,510000.0,,,282,0,14,1
2020-02-03,中国,CN,贵州省,520000.0,,,56,26,2,0
2020-02-03,中国,CN,云南省,530000.0,,,117,225,5,0
2020-02-03,中国,CN,西藏自治区,540000.0,,,1,0,0,0
2020-02-03,中国,CN,陕西省,610000.0,,,142,221,1,0
2020-02-03,中国,CN,甘肃省,620000.0,,,55,9,3,0
2020-02-03,中国,CN,青海省,630000.0,,,15,0,0,0
2020-02-03,中国,CN,宁夏回族自治区,640000.0,,,34,18,0,0
2020-02-03,中国,CN,新疆维吾尔自治区,650000.0,,,29,0,0,0
2020-02-03,中国,CN,台湾省,710000.0,,,10,0,0,0
2020-02-03,中国,CN,香港特别行政区,810000.0,,,15,0,0,0
2020-02-03,中国,CN,澳门特别行政区,820000.0,,,8,0,0,0
2020-02-04,中国,CN,北京市,110000.0,,,253,0,24,1
2020-02-04,中国,CN,天津市,120000.0,,,67,0,2,0
2020-02-04,中国,CN,河北省,130000.0,,,135,117,4,1
2020-02-04,中国,CN,山西省,140000.0,,,81,42,4,0
2020-02-04,中国,CN,内蒙古自治区,150000.0,,,42,3,1,0
2020-02-04,中国,CN,辽宁省,210000.0,,,81,0,2,0
2020-02-04,中国,CN,吉林省,220000.0,,,54,58,1,0
2020-02-04,中国,CN,黑龙江省,230000.0,,,190,184,4,2
2020-02-04,中国,CN,上海市,310000.0,,,233,194,12,1
2020-02-04,中国,CN,江苏省,320000.0,,,341,0,13,0
2020-02-04,中国,CN,浙江省,330000.0,,,895,0,63,0
2020-02-04,中国,CN,安徽省,340000.0,,,530,0,20,0
2020-02-04,中国,CN,福建省,350000.0,,,205,91,7,0
2020-02-04,中国,CN,江西省,360000.0,,,548,0,27,0
2020-02-04,中国,CN,山东省,370000.0,,,298,94,13,0
2020-02-04,中国,CN,河南省,410000.0,,,764,52,41,2
2020-02-04,中国,CN,湖北省,420000.0,,,16678,0,520,479
2020-02-04,中国,CN,湖南省,430000.0,,,661,0,35,0
2020-02-04,中国,CN,广东省,440000.0,,,870,136,32,0
2020-02-04,中国,CN,广西壮族自治区,450000.0,,,150,0,10,0
2020-02-04,中国,CN,海南省,460000.0,,,89,0,4,1
2020-02-04,中国,CN,重庆市,500000.0,,,366,0,14,2
2020-02-04,中国,CN,四川省,510000.0,,,301,0,23,1
2020-02-04,中国,CN,贵州省,520000.0,,,64,33,5,0
2020-02-04,中国,CN,云南省,530000.0,,,122,172,5,0
2020-02-04,中国,CN,西藏自治区,540000.0,,,1,0,0,0
2020-02-04,中国,CN,陕西省,610000.0,,,165,215,2,0
2020-02-04,中国,CN,甘肃省,620000.0,,,57,17,4,0
2020-02-04,中国,CN,青海省,630000.0,,,17,0,0,0
2020-02-04,中国,CN,宁夏回族自治区,640000.0,,,34,24,0,0
2020-02-04,中国,CN,新疆维吾尔自治区,650000.0,,,32,0,0,0
2020-02-04,中国,CN,台湾省,710000.0,,,11,0,0,0
2020-02-04,中国,CN,香港特别行政区,810000.0,,,18,0,0,1
2020-02-04,中国,CN,澳门特别行政区,820000.0,,,10,0,0,0
2020-02-05,中国,CN,北京市,110000.0,,,274,0,31,1
2020-02-05,中国,CN,天津市,120000.0,,,69,0,2,1
2020-02-05,中国,CN,河北省,130000.0,,,157,133,7,1
2020-02-05,中国,CN,山西省,140000.0,,,90,42,6,0
2020-02-05,中国,CN,内蒙古自治区,150000.0,,,46,7,4,0
2020-02-05,中国,CN,辽宁省,210000.0,,,89,0,4,0
2020-02-05,中国,CN,吉林省,220000.0,,,59,69,2,0
2020-02-05,中国,CN,黑龙江省,230000.0,,,227,222,7,3
2020-02-05,中国,CN,上海市,310000.0,,,254,196,15,1
2020-02-05,中国,CN,江苏省,320000.0,,,373,0,26,0
2020-02-05,中国,CN,浙江省,330000.0,,,954,0,81,0
2020-02-05,中国,CN,安徽省,340000.0,,,591,0,23,0
2020-02-05,中国,CN,福建省,350000.0,,,215,78,11,0
2020-02-05,中国,CN,江西省,360000.0,,,600,0,37,0
2020-02-05,中国,CN,山东省,370000.0,,,343,85,18,0
2020-02-05,中国,CN,河南省,410000.0,,,851,45,54,2
2020-02-05,中国,CN,湖北省,420000.0,,,19665,0,633,549
2020-02-05,中国,CN,湖南省,430000.0,,,711,0,56,0
2020-02-05,中国,CN,广东省,440000.0,,,944,148,49,0
2020-02-05,中国,CN,广西壮族自治区,450000.0,,,168,391,14,0
2020-02-05,中国,CN,海南省,460000.0,,,100,0,5,1
2020-02-05,中国,CN,重庆市,500000.0,,,389,0,15,2
2020-02-05,中国,CN,四川省,510000.0,,,321,0,27,1
2020-02-05,中国,CN,贵州省,520000.0,,,69,37,6,0
2020-02-05,中国,CN,云南省,530000.0,,,128,149,5,0
2020-02-05,中国,CN,西藏自治区,540000.0,,,1,0,0,0
2020-02-05,中国,CN,陕西省,610000.0,,,173,238,6,0
2020-02-05,中国,CN,甘肃省,620000.0,,,62,14,6,0
2020-02-05,中国,CN,青海省,630000.0,,,18,0,3,0
2020-02-05,中国,CN,宁夏回族自治区,640000.0,,,40,39,1,0
2020-02-05,中国,CN,新疆维吾尔自治区,650000.0,,,36,0,0,0
2020-02-05,中国,CN,台湾省,710000.0,,,11,0,0,0
2020-02-05,中国,CN,香港特别行政区,810000.0,,,21,0,0,1
2020-02-05,中国,CN,澳门特别行政区,820000.0,,,10,0,0,0
2020-02-06,中国,CN,北京市,110000.0,,,297,157,33,1
2020-02-06,中国,CN,天津市,120000.0,,,79,0,2,0
2020-02-06,中国,CN,河北省,130000.0,,,171,117,16,1
2020-02-06,中国,CN,山西省,140000.0,,,96,54,12,0
2020-02-06,中国,CN,内蒙古自治区,150000.0,,,50,9,0,0
2020-02-06,中国,CN,辽宁省,210000.0,,,95,0,6,0
2020-02-06,中国,CN,吉林省,220000.0,,,65,71,4,1
2020-02-06,中国,CN,黑龙江省,230000.0,,,277,210,8,3
2020-02-06,中国,CN,上海市,310000.0,,,269,166,25,1
2020-02-06,中国,CN,江苏省,320000.0,,,408,0,38,0
2020-02-06,中国,CN,浙江省,330000.0,,,1006,0,98,0
2020-02-06,中国,CN,安徽省,340000.0,,,665,0,34,0
2020-02-06,中国,CN,福建省,350000.0,,,224,94,15,0
2020-02-06,中国,CN,江西省,360000.0,,,661,0,45,0
2020-02-06,中国,CN,山东省,370000.0,,,379,96,31,0
2020-02-06,中国,CN,河南省,410000.0,,,914,66,68,3
2020-02-06,中国,CN,湖北省,420000.0,,,22112,0,817,618
2020-02-06,中国,CN,湖南省,430000.0,,,772,0,91,0
2020-02-06,中国,CN,广东省,440000.0,,,1018,170,68,0
2020-02-06,中国,CN,广西壮族自治区,450000.0,,,172,0,17,0
2020-02-06,中国,CN,海南省,460000.0,,,111,0,8,2
2020-02-06,中国,CN,重庆市,500000.0,,,411,0,24,2
2020-02-06,中国,CN,四川省,510000.0,,,344,0,37,1
2020-02-06,中国,CN,贵州省,520000.0,,,77,54,6,0
2020-02-06,中国,CN,云南省,530000.0,,,135,123,7,0
2020-02-06,中国,CN,西藏自治区,540000.0,,,1,0,0,0
2020-02-06,中国,CN,陕西省,610000.0,,,184,260,11,0
2020-02-06,中国,CN,甘肃省,620000.0,,,67,21,9,0
2020-02-06,中国,CN,青海省,630000.0,,,18,0,3,0
2020-02-06,中国,CN,宁夏回族自治区,640000.0,,,43,39,1,0
2020-02-06,中国,CN,新疆维吾尔自治区,650000.0,,,39,0,0,0
2020-02-06,中国,CN,台湾省,710000.0,,,16,0,0,1
2020-02-06,中国,CN,香港特别行政区,810000.0,,,24,0,0,1
2020-02-06,中国,CN,澳门特别行政区,820000.0,,,10,0,0,1
2020-02-07,中国,CN,北京市,110000.0,,,315,0,34,2
2020-02-07,中国,CN,天津市,120000.0,,,81,0,2,1
2020-02-07,中国,CN,河北省,130000.0,,,195,0,25,1
2020-02-07,中国,CN,山西省,140000.0,,,104,0,15,0
2020-02-07,中国,CN,内蒙古自治区,150000.0,,,52,0,5,0
2020-02-07,中国,CN,辽宁省,210000.0,,,99,0,7,0
2020-02-07,中国,CN,吉林省,220000.0,,,69,0,4,1
2020-02-07,中国,CN,黑龙江省,230000.0,,,281,0,12,5
2020-02-07,中国,CN,上海市,310000.0,,,281,0,30,1
2020-02-07,中国,CN,江苏省,320000.0,,,439,0,43,0
2020-02-07,中国,CN,浙江省,330000.0,,,1048,0,127,0
2020-02-07,中国,CN,安徽省,340000.0,,,733,0,47,0
2020-02-07,中国,CN,福建省,350000.0,,,239,0,20,0
2020-02-07,中国,CN,江西省,360000.0,,,698,0,55,0
2020-02-07,中国,CN,山东省,370000.0,,,407,0,38,0
2020-02-07,中国,CN,河南省,410000.0,,,980,0,97,4
2020-02-07,中国,CN,湖北省,420000.0,,,24953,0,1115,699
2020-02-07,中国,CN,湖南省,430000.0,,,803,0,119,0
2020-02-07,中国,CN,广东省,440000.0,,,1075,0,97,1
2020-02-07,中国,CN,广西壮族自治区,450000.0,,,183,0,17,0
2020-02-07,中国,CN,海南省,460000.0,,,122,0,11,2
2020-02-07,中国,CN,重庆市,500000.0,,,426,0,31,2
2020-02-07,中国,CN,四川省,510000.0,,,363,0,50,1
2020-02-07,中国,CN,贵州省,520000.0,,,89,0,6,1
2020-02-07,中国,CN,云南省,530000.0,,,138,0,12,0
2020-02-07,中国,CN,西藏自治区,540000.0,,,1,0,0,0
2020-02-07,中国,CN,陕西省,610000.0,,,184,0,9,0
2020-02-07,中国,CN,甘肃省,620000.0,,,71,0,9,1
2020-02-07,中国,CN,青海省,630000.0,,,18,0,3,0
2020-02-07,中国,CN,宁夏回族自治区,640000.0,,,44,0,5,0
2020-02-07,中国,CN,新疆维吾尔自治区,650000.0,,,42,0,0,0
2020-02-07,中国,CN,台湾省,710000.0,,,16,0,1,0
2020-02-07,中国,CN,香港特别行政区,810000.0,,,26,0,0,1
2020-02-07,中国,CN,澳门特别行政区,820000.0,,,10,0,1,0
2020-02-08,中国,CN,北京市,110000.0,,,326,0,37,2
2020-02-08,中国,CN,天津市,120000.0,,,88,0,4,1
2020-02-08,中国,CN,河北省,130000.0,,,206,0,30,2
2020-02-08,中国,CN,山西省,140000.0,,,115,0,21,0
2020-02-08,中国,CN,内蒙古自治区,150000.0,,,54,0,5,0
2020-02-08,中国,CN,辽宁省,210000.0,,,106,0,12,0
2020-02-08,中国,CN,吉林省,220000.0,,,78,0,5,1
2020-02-08,中国,CN,黑龙江省,230000.0,,,307,0,13,6
2020-02-08,中国,CN,上海市,310000.0,,,292,0,41,1
2020-02-08,中国,CN,江苏省,320000.0,,,468,0,51,0
2020-02-08,中国,CN,浙江省,330000.0,,,1063,0,173,0
2020-02-08,中国,CN,安徽省,340000.0,,,779,0,59,1
2020-02-08,中国,CN,福建省,350000.0,,,250,0,24,0
2020-02-08,中国,CN,江西省,360000.0,,,739,0,72,0
2020-02-08,中国,CN,山东省,370000.0,,,435,0,50,1
2020-02-08,中国,CN,河南省,410000.0,,,1033,0,131,6
2020-02-08,中国,CN,湖北省,420000.0,,,27013,0,1439,780
2020-02-08,中国,CN,湖南省,430000.0,,,838,0,159,1
2020-02-08,中国,CN,广东省,440000.0,,,1120,0,125,1
2020-02-08,中国,CN,广西壮族自治区,450000.0,,,195,0,18,1
2020-02-08,中国,CN,海南省,460000.0,,,128,0,15,2
2020-02-08,中国,CN,重庆市,500000.0,,,446,0,39,2
2020-02-08,中国,CN,四川省,510000.0,,,386,0,60,1
2020-02-08,中国,CN,贵州省,520000.0,,,96,0,7,1
2020-02-08,中国,CN,云南省,530000.0,,,140,0,17,0
2020-02-08,中国,CN,西藏自治区,540000.0,,,1,0,0,0
2020-02-08,中国,CN,陕西省,610000.0,,,195,0,17,0
2020-02-08,中国,CN,甘肃省,620000.0,,,79,0,12,1
2020-02-08,中国,CN,青海省,630000.0,,,18,0,3,0
2020-02-08,中国,CN,宁夏回族自治区,640000.0,,,45,0,13,0
2020-02-08,中国,CN,新疆维吾尔自治区,650000.0,,,45,0,0,0
2020-02-08,中国,CN,台湾省,710000.0,,,17,0,1,0
2020-02-08,中国,CN,香港特别行政区,810000.0,,,26,0,0,1
2020-02-08,中国,CN,澳门特别行政区,820000.0,,,10,0,1,0
2020-02-09,中国,CN,北京市,110000.0,,,337,0,44,2
2020-02-09,中国,CN,天津市,120000.0,,,91,0,4,1
2020-02-09,中国,CN,河北省,130000.0,,,218,0,35,2
2020-02-09,中国,CN,山西省,140000.0,,,119,0,25,0
2020-02-09,中国,CN,内蒙古自治区,150000.0,,,58,0,5,0
2020-02-09,中国,CN,辽宁省,210000.0,,,108,0,12,0
2020-02-09,中国,CN,吉林省,220000.0,,,80,0,12,1
2020-02-09,中国,CN,黑龙江省,230000.0,,,331,0,15,7
2020-02-09,中国,CN,上海市,310000.0,,,295,0,44,1
2020-02-09,中国,CN,江苏省,320000.0,,,492,0,72,0
2020-02-09,中国,CN,浙江省,330000.0,,,1092,0,200,0
2020-02-09,中国,CN,安徽省,340000.0,,,830,0,73,3
2020-02-09,中国,CN,福建省,350000.0,,,261,0,35,0
2020-02-09,中国,CN,江西省,360000.0,,,772,0,102,1
2020-02-09,中国,CN,山东省,370000.0,,,459,0,63,1
2020-02-09,中国,CN,河南省,410000.0,,,1073,0,169,6
2020-02-09,中国,CN,湖北省,420000.0,,,29631,0,1795,871
2020-02-09,中国,CN,湖南省,430000.0,,,879,0,186,1
2020-02-09,中国,CN,广东省,440000.0,,,1151,0,143,1
2020-02-09,中国,CN,广西壮族自治区,450000.0,,,210,0,18,1
2020-02-09,中国,CN,海南省,460000.0,,,136,0,19,3
2020-02-09,中国,CN,重庆市,500000.0,,,468,0,51,2
2020-02-09,中国,CN,四川省,510000.0,,,405,0,76,1
2020-02-09,中国,CN,贵州省,520000.0,,,109,0,7,1
2020-02-09,中国,CN,云南省,530000.0,,,141,0,18,0
2020-02-09,中国,CN,西藏自治区,540000.0,,,1,0,0,0
2020-02-09,中国,CN,陕西省,610000.0,,,208,0,20,0
2020-02-09,中国,CN,甘肃省,620000.0,,,83,0,16,2
2020-02-09,中国,CN,青海省,630000.0,,,18,0,3,0
2020-02-09,中国,CN,宁夏回族自治区,640000.0,,,49,0,13,0
2020-02-09,中国,CN,新疆维吾尔自治区,650000.0,,,49,0,0,0
2020-02-09,中国,CN,台湾省,710000.0,,,18,0,1,0
2020-02-09,中国,CN,香港特别行政区,810000.0,,,36,0,0,1
2020-02-09,中国,CN,澳门特别行政区,820000.0,,,10,0,1,0
2020-02-10,中国,CN,北京市,110000.0,,,342,0,48,3
2020-02-10,中国,CN,天津市,120000.0,,,95,0,8,2
2020-02-10,中国,CN,河北省,130000.0,,,239,0,41,2
2020-02-10,中国,CN,山西省,140000.0,,,122,0,26,0
2020-02-10,中国,CN,内蒙古自治区,150000.0,,,58,0,5,0
2020-02-10,中国,CN,辽宁省,210000.0,,,108,0,17,0
2020-02-10,中国,CN,吉林省,220000.0,,,81,0,13,1
2020-02-10,中国,CN,黑龙江省,230000.0,,,360,0,27,8
2020-02-10,中国,CN,上海市,310000.0,,,302,0,48,1
2020-02-10,中国,CN,江苏省,320000.0,,,515,0,84,0
2020-02-10,中国,CN,浙江省,330000.0,,,1117,0,250,0
2020-02-10,中国,CN,安徽省,340000.0,,,860,0,88,4
2020-02-10,中国,CN,福建省,350000.0,,,267,0,39,0
2020-02-10,中国,CN,江西省,360000.0,,,804,0,127,1
2020-02-10,中国,CN,山东省,370000.0,,,486,0,71,1
2020-02-10,中国,CN,河南省,410000.0,,,1105,0,198,7
2020-02-10,中国,CN,湖北省,420000.0,,,31728,0,2222,974
2020-02-10,中国,CN,湖南省,430000.0,,,912,0,213,1
2020-02-10,中国,CN,广东省,440000.0,,,1177,0,181,1
2020-02-10,中国,CN,广西壮族自治区,450000.0,,,215,0,30,1
2020-02-10,中国,CN,海南省,460000.0,,,142,0,19,3
2020-02-10,中国,CN,重庆市,500000.0,,,486,0,66,2
2020-02-10,中国,CN,四川省,510000.0,,,417,0,82,1
2020-02-10,中国,CN,贵州省,520000.0,,,118,0,10,1
2020-02-10,中国,CN,云南省,530000.0,,,149,0,19,0
2020-02-10,中国,CN,西藏自治区,540000.0,,,1,0,0,0
2020-02-10,中国,CN,陕西省,610000.0,,,213,0,26,0
2020-02-10,中国,CN,甘肃省,620000.0,,,86,0,21,2
2020-02-10,中国,CN,青海省,630000.0,,,18,0,3,0
2020-02-10,中国,CN,宁夏回族自治区,640000.0,,,53,0,14,0
2020-02-10,中国,CN,新疆维吾尔自治区,650000.0,,,55,0,0,0
2020-02-10,中国,CN,台湾省,710000.0,,,18,0,1,0
2020-02-10,中国,CN,香港特别行政区,810000.0,,,42,0,0,1
2020-02-10,中国,CN,澳门特别行政区,820000.0,,,10,0,1,0
2020-02-11,中国,CN,北京市,110000.0,,,352,0,56,3
2020-02-11,中国,CN,天津市,120000.0,,,106,0,10,2
2020-02-11,中国,CN,河北省,130000.0,,,251,0,48,2
2020-02-11,中国,CN,山西省,140000.0,,,124,0,30,0
2020-02-11,中国,CN,内蒙古自治区,150000.0,,,60,0,5,0
2020-02-11,中国,CN,辽宁省,210000.0,,,116,0,19,0
2020-02-11,中国,CN,吉林省,220000.0,,,83,0,18,1
2020-02-11,中国,CN,黑龙江省,230000.0,,,378,0,28,8
2020-02-11,中国,CN,上海市,310000.0,,,306,0,53,1
2020-02-11,中国,CN,江苏省,320000.0,,,543,0,94,0
2020-02-11,中国,CN,浙江省,330000.0,,,1131,0,279,0
2020-02-11,中国,CN,安徽省,340000.0,,,888,0,108,4
2020-02-11,中国,CN,福建省,350000.0,,,272,0,46,0
2020-02-11,中国,CN,江西省,360000.0,,,844,0,152,1
2020-02-11,中国,CN,山东省,370000.0,,,497,0,80,1
2020-02-11,中国,CN,河南省,410000.0,,,1135,0,231,8
2020-02-11,中国,CN,湖北省,420000.0,,,33366,0,2639,1068
2020-02-11,中国,CN,湖南省,430000.0,,,946,0,263,2
2020-02-11,中国,CN,广东省,440000.0,,,1219,0,241,1
2020-02-11,中国,CN,广西壮族自治区,450000.0,,,222,0,31,1
2020-02-11,中国,CN,海南省,460000.0,,,145,0,20,3
2020-02-11,中国,CN,重庆市,500000.0,,,505,0,79,3
2020-02-11,中国,CN,四川省,510000.0,,,436,0,85,1
2020-02-11,中国,CN,贵州省,520000.0,,,131,0,17,1
2020-02-11,中国,CN,云南省,530000.0,,,154,0,20,0
2020-02-11,中国,CN,西藏自治区,540000.0,,,1,0,0,0
2020-02-11,中国,CN,陕西省,610000.0,,,219,0,31,0
2020-02-11,中国,CN,甘肃省,620000.0,,,86,0,24,2
2020-02-11,中国,CN,青海省,630000.0,,,18,0,5,0
2020-02-11,中国,CN,宁夏回族自治区,640000.0,,,58,0,22,0
2020-02-11,中国,CN,新疆维吾尔自治区,650000.0,,,59,0,3,0
2020-02-11,中国,CN,台湾省,710000.0,,,18,0,1,0
2020-02-11,中国,CN,香港特别行政区,810000.0,,,49,0,0,1
2020-02-11,中国,CN,澳门特别行政区,820000.0,,,10,0,1,0
2020-02-12,中国,CN,北京市,110000.0,,,366,0,68,3
2020-02-12,中国,CN,天津市,120000.0,,,112,0,11,2
2020-02-12,中国,CN,河北省,130000.0,,,265,0,54,3
2020-02-12,中国,CN,山西省,140000.0,,,126,0,33,0
2020-02-12,中国,CN,内蒙古自治区,150000.0,,,61,0,6,0
2020-02-12,中国,CN,辽宁省,210000.0,,,116,0,22,0
2020-02-12,中国,CN,吉林省,220000.0,,,84,0,22,1
2020-02-12,中国,CN,黑龙江省,230000.0,,,395,0,31,9
2020-02-12,中国,CN,上海市,310000.0,,,313,0,57,1
2020-02-12,中国,CN,江苏省,320000.0,,,570,0,131,0
2020-02-12,中国,CN,浙江省,330000.0,,,1145,0,327,0
2020-02-12,中国,CN,安徽省,340000.0,,,910,0,128,5
2020-02-12,中国,CN,福建省,350000.0,,,279,0,54,0
2020-02-12,中国,CN,江西省,360000.0,,,872,0,170,1
2020-02-12,中国,CN,山东省,370000.0,,,506,0,98,2
2020-02-12,中国,CN,河南省,410000.0,,,1169,0,258,10
2020-02-12,中国,CN,湖北省,420000.0,,,47163,0,3172,1202
2020-02-12,中国,CN,湖南省,430000.0,,,968,0,312,2
2020-02-12,中国,CN,广东省,440000.0,,,1241,0,284,2
2020-02-12,中国,CN,广西壮族自治区,450000.0,,,222,0,33,2
2020-02-12,中国,CN,海南省,460000.0,,,157,0,27,4
2020-02-12,中国,CN,重庆市,500000.0,,,518,0,102,3
2020-02-12,中国,CN,四川省,510000.0,,,451,0,93,1
2020-02-12,中国,CN,贵州省,520000.0,,,135,0,20,1
2020-02-12,中国,CN,云南省,530000.0,,,155,0,23,0
2020-02-12,中国,CN,西藏自治区,540000.0,,,1,0,1,0
2020-02-12,中国,CN,陕西省,610000.0,,,225,0,36,0
2020-02-12,中国,CN,甘肃省,620000.0,,,87,0,31,2
2020-02-12,中国,CN,青海省,630000.0,,,18,0,9,0
2020-02-12,中国,CN,宁夏回族自治区,640000.0,,,64,0,24,0
2020-02-12,中国,CN,新疆维吾尔自治区,650000.0,,,63,0,3,1
2020-02-12,中国,CN,台湾省,710000.0,,,18,0,1,0
2020-02-12,中国,CN,香港特别行政区,810000.0,,,50,0,1,1
2020-02-12,中国,CN,澳门特别行政区,820000.0,,,10,0,2,0
2020-02-13,中国,CN,北京市,110000.0,,,372,0,79,3
2020-02-13,中国,CN,天津市,120000.0,,,119,0,21,3
2020-02-13,中国,CN,河北省,130000.0,,,283,0,69,3
2020-02-13,中国,CN,山西省,140000.0,,,126,0,36,0
2020-02-13,中国,CN,内蒙古自治区,150000.0,,,65,0,6,0
2020-02-13,中国,CN,辽宁省,210000.0,,,116,0,22,1
2020-02-13,中国,CN,吉林省,220000.0,,,86,0,25,1
2020-02-13,中国,CN,黑龙江省,230000.0,,,418,0,37,11
2020-02-13,中国,CN,上海市,310000.0,,,318,0,62,1
2020-02-13,中国,CN,江苏省,320000.0,,,593,0,137,0
2020-02-13,中国,CN,浙江省,330000.0,,,1155,0,367,0
2020-02-13,中国,CN,安徽省,340000.0,,,934,0,166,6
2020-02-13,中国,CN,福建省,350000.0,,,281,0,59,0
2020-02-13,中国,CN,江西省,360000.0,,,900,0,187,1
2020-02-13,中国,CN,山东省,370000.0,,,519,0,111,2
2020-02-13,中国,CN,河南省,410000.0,,,1184,0,313,11
2020-02-13,中国,CN,湖北省,420000.0,,,51986,0,3862,1318
2020-02-13,中国,CN,湖南省,430000.0,,,988,0,352,2
2020-02-13,中国,CN,广东省,440000.0,,,1261,0,332,2
2020-02-13,中国,CN,广西壮族自治区,450000.0,,,226,0,35,2
2020-02-13,中国,CN,海南省,460000.0,,,157,0,30,4
2020-02-13,中国,CN,重庆市,500000.0,,,529,0,128,4
2020-02-13,中国,CN,四川省,510000.0,,,463,0,105,1
2020-02-13,中国,CN,贵州省,520000.0,,,140,0,28,1
2020-02-13,中国,CN,云南省,530000.0,,,162,0,27,0
2020-02-13,中国,CN,西藏自治区,540000.0,,,1,0,1,0
2020-02-13,中国,CN,陕西省,610000.0,,,229,0,44,0
2020-02-13,中国,CN,甘肃省,620000.0,,,90,0,39,2
2020-02-13,中国,CN,青海省,630000.0,,,18,0,11,0
2020-02-13,中国,CN,宁夏回族自治区,640000.0,,,67,0,24,0
2020-02-13,中国,CN,新疆维吾尔自治区,650000.0,,,65,0,6,1
2020-02-13,中国,CN,台湾省,710000.0,,,18,0,1,0
2020-02-13,中国,CN,香港特别行政区,810000.0,,,53,0,1,1
2020-02-13,中国,CN,澳门特别行政区,820000.0,,,10,0,3,0
2020-02-14,中国,CN,北京市,110000.0,,,375,0,97,4
2020-02-14,中国,CN,天津市,120000.0,,,120,0,32,3
2020-02-14,中国,CN,河北省,130000.0,,,291,0,86,3
2020-02-14,中国,CN,山西省,140000.0,,,127,0,38,0
2020-02-14,中国,CN,内蒙古自治区,150000.0,,,68,0,6,0
2020-02-14,中国,CN,辽宁省,210000.0,,,119,0,29,1
2020-02-14,中国,CN,吉林省,220000.0,,,88,0,25,1
2020-02-14,中国,CN,黑龙江省,230000.0,,,425,0,48,11
2020-02-14,中国,CN,上海市,310000.0,,,326,0,90,1
2020-02-14,中国,CN,江苏省,320000.0,,,604,0,160,0
2020-02-14,中国,CN,浙江省,330000.0,,,1162,0,409,0
2020-02-14,中国,CN,安徽省,340000.0,,,950,0,198,6
2020-02-14,中国,CN,福建省,350000.0,,,285,0,66,0
2020-02-14,中国,CN,江西省,360000.0,,,913,0,210,1
2020-02-14,中国,CN,山东省,370000.0,,,530,0,139,2
2020-02-14,中国,CN,河南省,410000.0,,,1212,0,356,13
2020-02-14,中国,CN,湖北省,420000.0,,,54406,0,4774,1457
2020-02-14,中国,CN,湖南省,430000.0,,,1001,0,389,2
2020-02-14,中国,CN,广东省,440000.0,,,1294,0,386,2
2020-02-14,中国,CN,广西壮族自治区,450000.0,,,235,0,40,2
2020-02-14,中国,CN,海南省,460000.0,,,162,0,38,4
2020-02-14,中国,CN,重庆市,500000.0,,,537,0,152,5
2020-02-14,中国,CN,四川省,510000.0,,,470,0,115,1
2020-02-14,中国,CN,贵州省,520000.0,,,143,0,33,1
2020-02-14,中国,CN,云南省,530000.0,,,168,0,35,0
2020-02-14,中国,CN,西藏自治区,540000.0,,,1,0,1,0
2020-02-14,中国,CN,陕西省,610000.0,,,230,0,49,0
2020-02-14,中国,CN,甘肃省,620000.0,,,90,0,44,2
2020-02-14,中国,CN,青海省,630000.0,,,18,0,11,0
2020-02-14,中国,CN,宁夏回族自治区,640000.0,,,70,0,27,0
2020-02-14,中国,CN,新疆维吾尔自治区,650000.0,,,70,0,6,1
2020-02-14,中国,CN,台湾省,710000.0,,,18,0,1,0
2020-02-14,中国,CN,香港特别行政区,810000.0,,,56,0,1,1
2020-02-14,中国,CN,澳门特别行政区,820000.0,,,10,0,3,0
2020-02-15,中国,CN,北京市,110000.0,,,380,0,105,4
2020-02-15,中国,CN,天津市,120000.0,,,122,0,37,3
2020-02-15,中国,CN,河北省,130000.0,,,300,0,100,3
2020-02-15,中国,CN,山西省,140000.0,,,128,0,46,0
2020-02-15,中国,CN,内蒙古自治区,150000.0,,,70,0,7,0
2020-02-15,中国,CN,辽宁省,210000.0,,,120,0,32,1
2020-02-15,中国,CN,吉林省,220000.0,,,89,0,28,1
2020-02-15,中国,CN,黑龙江省,230000.0,,,445,0,70,11
2020-02-15,中国,CN,上海市,310000.0,,,328,0,124,1
2020-02-15,中国,CN,江苏省,320000.0,,,617,0,190,0
2020-02-15,中国,CN,浙江省,330000.0,,,1167,0,437,0
2020-02-15,中国,CN,安徽省,340000.0,,,962,0,232,6
2020-02-15,中国,CN,福建省,350000.0,,,287,0,77,0
2020-02-15,中国,CN,江西省,360000.0,,,925,0,239,1
2020-02-15,中国,CN,山东省,370000.0,,,537,0,164,2
2020-02-15,中国,CN,河南省,410000.0,,,1231,0,397,13
2020-02-15,中国,CN,湖北省,420000.0,,,56249,0,5623,1596
2020-02-15,中国,CN,湖南省,430000.0,,,1004,0,430,3
2020-02-15,中国,CN,广东省,440000.0,,,1316,0,436,2
2020-02-15,中国,CN,广西壮族自治区,450000.0,,,237,0,46,2
2020-02-15,中国,CN,海南省,460000.0,,,162,0,39,4
2020-02-15,中国,CN,重庆市,500000.0,,,544,0,184,5
2020-02-15,中国,CN,四川省,510000.0,,,481,0,127,3
2020-02-15,中国,CN,贵州省,520000.0,,,144,0,37,1
2020-02-15,中国,CN,云南省,530000.0,,,169,0,42,0
2020-02-15,中国,CN,西藏自治区,540000.0,,,1,0,1,0
2020-02-15,中国,CN,陕西省,610000.0,,,232,0,53,0
2020-02-15,中国,CN,甘肃省,620000.0,,,90,0,49,2
2020-02-15,中国,CN,青海省,630000.0,,,18,0,13,0
2020-02-15,中国,CN,宁夏回族自治区,640000.0,,,70,0,33,0
2020-02-15,中国,CN,新疆维吾尔自治区,650000.0,,,71,0,11,1
2020-02-15,中国,CN,台湾省,710000.0,,,18,0,2,0
2020-02-15,中国,CN,香港特别行政区,810000.0,,,56,0,1,1
2020-02-15,中国,CN,澳门特别行政区,820000.0,,,10,0,3,0
2020-02-16,中国,CN,北京市,110000.0,,,381,0,114,4
2020-02-16,中国,CN,天津市,120000.0,,,124,0,45,3
2020-02-16,中国,CN,河北省,130000.0,,,301,0,109,3
2020-02-16,中国,CN,山西省,140000.0,,,129,0,50,0
2020-02-16,中国,CN,内蒙古自治区,150000.0,,,72,0,8,0
2020-02-16,中国,CN,辽宁省,210000.0,,,121,0,41,1
2020-02-16,中国,CN,吉林省,220000.0,,,89,0,30,1
2020-02-16,中国,CN,黑龙江省,230000.0,,,457,0,80,11
2020-02-16,中国,CN,上海市,310000.0,,,331,0,140,1
2020-02-16,中国,CN,江苏省,320000.0,,,626,0,226,0
2020-02-16,中国,CN,浙江省,330000.0,,,1171,0,470,0
2020-02-16,中国,CN,安徽省,340000.0,,,973,0,266,6
2020-02-16,中国,CN,福建省,350000.0,,,290,0,84,0
2020-02-16,中国,CN,江西省,360000.0,,,930,0,275,1
2020-02-16,中国,CN,山东省,370000.0,,,541,0,175,2
2020-02-16,中国,CN,河南省,410000.0,,,1246,0,438,16
2020-02-16,中国,CN,湖北省,420000.0,,,58182,0,6639,1696
2020-02-16,中国,CN,湖南省,430000.0,,,1006,0,467,3
2020-02-16,中国,CN,广东省,440000.0,,,1322,0,473,4
2020-02-16,中国,CN,广西壮族自治区,450000.0,,,238,0,51,2
2020-02-16,中国,CN,海南省,460000.0,,,162,0,52,4
2020-02-16,中国,CN,重庆市,500000.0,,,551,0,207,5
2020-02-16,中国,CN,四川省,510000.0,,,495,0,136,3
2020-02-16,中国,CN,贵州省,520000.0,,,146,0,47,1
2020-02-16,中国,CN,云南省,530000.0,,,171,0,42,0
2020-02-16,中国,CN,西藏自治区,540000.0,,,1,0,1,0
2020-02-16,中国,CN,陕西省,610000.0,,,236,0,64,0
2020-02-16,中国,CN,甘肃省,620000.0,,,90,0,54,2
2020-02-16,中国,CN,青海省,630000.0,,,18,0,13,0
2020-02-16,中国,CN,宁夏回族自治区,640000.0,,,70,0,33,0
2020-02-16,中国,CN,新疆维吾尔自治区,650000.0,,,75,0,12,1
2020-02-16,中国,CN,台湾省,710000.0,,,20,0,2,1
2020-02-16,中国,CN,香港特别行政区,810000.0,,,57,0,2,1
2020-02-16,中国,CN,澳门特别行政区,820000.0,,,10,0,5,0
2020-02-17,中国,CN,北京市,110000.0,,,387,0,122,4
2020-02-17,中国,CN,天津市,120000.0,,,125,0,46,3
2020-02-17,中国,CN,河北省,130000.0,,,302,0,123,4
2020-02-17,中国,CN,山西省,140000.0,,,130,0,53,0
2020-02-17,中国,CN,内蒙古自治区,150000.0,,,73,0,8,0
2020-02-17,中国,CN,辽宁省,210000.0,,,121,0,43,1
2020-02-17,中国,CN,吉林省,220000.0,,,89,0,34,1
2020-02-17,中国,CN,黑龙江省,230000.0,,,464,0,85,11
2020-02-17,中国,CN,上海市,310000.0,,,333,0,161,1
2020-02-17,中国,CN,江苏省,320000.0,,,629,0,263,0
2020-02-17,中国,CN,浙江省,330000.0,,,1172,0,514,0
2020-02-17,中国,CN,安徽省,340000.0,,,982,0,293,6
2020-02-17,中国,CN,福建省,350000.0,,,292,0,91,0
2020-02-17,中国,CN,江西省,360000.0,,,933,0,310,1
2020-02-17,中国,CN,山东省,370000.0,,,543,0,193,2
2020-02-17,中国,CN,河南省,410000.0,,,1257,0,505,19
2020-02-17,中国,CN,湖北省,420000.0,,,59989,0,7862,1789
2020-02-17,中国,CN,湖南省,430000.0,,,1007,0,501,4
2020-02-17,中国,CN,广东省,440000.0,,,1328,0,530,4
2020-02-17,中国,CN,广西壮族自治区,450000.0,,,242,0,58,2
2020-02-17,中国,CN,海南省,460000.0,,,163,0,59,4
2020-02-17,中国,CN,重庆市,500000.0,,,553,0,225,5
2020-02-17,中国,CN,四川省,510000.0,,,508,0,163,3
2020-02-17,中国,CN,贵州省,520000.0,,,146,0,66,1
2020-02-17,中国,CN,云南省,530000.0,,,172,0,47,0
2020-02-17,中国,CN,西藏自治区,540000.0,,,1,0,1,0
2020-02-17,中国,CN,陕西省,610000.0,,,240,0,79,0
2020-02-17,中国,CN,甘肃省,620000.0,,,91,0,58,2
2020-02-17,中国,CN,青海省,630000.0,,,18,0,13,0
2020-02-17,中国,CN,宁夏回族自治区,640000.0,,,70,0,35,0
2020-02-17,中国,CN,新疆维吾尔自治区,650000.0,,,76,0,12,1
2020-02-17,中国,CN,台湾省,710000.0,,,22,0,2,1
2020-02-17,中国,CN,香港特别行政区,810000.0,,,60,0,2,1
2020-02-17,中国,CN,澳门特别行政区,820000.0,,,10,0,5,0
2020-02-18,中国,CN,北京市,110000.0,,,393,0,145,4
2020-02-18,中国,CN,天津市,120000.0,,,128,0,48,3
2020-02-18,中国,CN,河北省,130000.0,,,306,0,136,4
2020-02-18,中国,CN,山西省,140000.0,,,131,0,61,0
2020-02-18,中国,CN,内蒙古自治区,150000.0,,,75,0,9,0
2020-02-18,中国,CN,辽宁省,210000.0,,,121,0,55,1
2020-02-18,中国,CN,吉林省,220000.0,,,90,0,36,1
2020-02-18,中国,CN,黑龙江省,230000.0,,,470,0,108,12
2020-02-18,中国,CN,上海市,310000.0,,,333,0,177,1
2020-02-18,中国,CN,江苏省,320000.0,,,631,0,296,0
2020-02-18,中国,CN,浙江省,330000.0,,,1173,0,544,0
2020-02-18,中国,CN,安徽省,340000.0,,,986,0,361,6
2020-02-18,中国,CN,福建省,350000.0,,,293,0,96,0
2020-02-18,中国,CN,江西省,360000.0,,,933,0,362,1
2020-02-18,中国,CN,山东省,370000.0,,,544,0,215,3
2020-02-18,中国,CN,河南省,410000.0,,,1261,0,552,19
2020-02-18,中国,CN,湖北省,420000.0,,,61682,0,9128,1921
2020-02-18,中国,CN,湖南省,430000.0,,,1008,0,542,4
2020-02-18,中国,CN,广东省,440000.0,,,1331,0,571,5
2020-02-18,中国,CN,广西壮族自治区,450000.0,,,244,0,76,2
2020-02-18,中国,CN,海南省,460000.0,,,163,0,79,4
2020-02-18,中国,CN,重庆市,500000.0,,,555,0,254,5
2020-02-18,中国,CN,四川省,510000.0,,,514,0,177,3
2020-02-18,中国,CN,贵州省,520000.0,,,146,0,69,2
2020-02-18,中国,CN,云南省,530000.0,,,172,0,57,0
2020-02-18,中国,CN,西藏自治区,540000.0,,,1,0,1,0
2020-02-18,中国,CN,陕西省,610000.0,,,240,0,89,0
2020-02-18,中国,CN,甘肃省,620000.0,,,91,0,62,2
2020-02-18,中国,CN,青海省,630000.0,,,18,0,15,0
2020-02-18,中国,CN,宁夏回族自治区,640000.0,,,71,0,42,0
2020-02-18,中国,CN,新疆维吾尔自治区,650000.0,,,76,0,14,1
2020-02-18,中国,CN,台湾省,710000.0,,,22,0,2,1
2020-02-18,中国,CN,香港特别行政区,810000.0,,,62,0,4,1
2020-02-18,中国,CN,澳门特别行政区,820000.0,,,10,0,5,0
2020-02-19,中国,CN,北京市,110000.0,,,395,0,153,4
2020-02-19,中国,CN,天津市,120000.0,,,130,0,54,3
2020-02-19,中国,CN,河北省,130000.0,,,307,0,152,5
2020-02-19,中国,CN,山西省,140000.0,,,131,0,68,0
2020-02-19,中国,CN,内蒙古自治区,150000.0,,,75,0,11,0
2020-02-19,中国,CN,辽宁省,210000.0,,,121,0,58,1
2020-02-19,中国,CN,吉林省,220000.0,,,91,0,40,1
2020-02-19,中国,CN,黑龙江省,230000.0,,,476,0,123,12
2020-02-19,中国,CN,上海市,310000.0,,,333,0,186,2
2020-02-19,中国,CN,江苏省,320000.0,,,631,0,325,0
2020-02-19,中国,CN,浙江省,330000.0,,,1175,0,609,0
2020-02-19,中国,CN,安徽省,340000.0,,,987,0,424,6
2020-02-19,中国,CN,福建省,350000.0,,,293,0,112,1
2020-02-19,中国,CN,江西省,360000.0,,,934,0,432,1
2020-02-19,中国,CN,山东省,370000.0,,,546,0,238,4
2020-02-19,中国,CN,河南省,410000.0,,,1265,0,614,19
2020-02-19,中国,CN,湖北省,420000.0,,,62457,0,10337,2029
2020-02-19,中国,CN,湖南省,430000.0,,,1010,0,578,4
2020-02-19,中国,CN,广东省,440000.0,,,1332,0,619,5
2020-02-19,中国,CN,广西壮族自治区,450000.0,,,245,0,87,2
2020-02-19,中国,CN,海南省,460000.0,,,168,0,84,4
2020-02-19,中国,CN,重庆市,500000.0,,,560,0,274,5
2020-02-19,中国,CN,四川省,510000.0,,,520,0,198,3
2020-02-19,中国,CN,贵州省,520000.0,,,146,0,71,2
2020-02-19,中国,CN,云南省,530000.0,,,172,0,60,1
2020-02-19,中国,CN,西藏自治区,540000.0,,,1,0,1,0
2020-02-19,中国,CN,陕西省,610000.0,,,242,0,89,0
2020-02-19,中国,CN,甘肃省,620000.0,,,91,0,65,2
2020-02-19,中国,CN,青海省,630000.0,,,18,0,16,0
2020-02-19,中国,CN,宁夏回族自治区,640000.0,,,71,0,42,0
2020-02-19,中国,CN,新疆维吾尔自治区,650000.0,,,76,0,20,1
2020-02-19,中国,CN,台湾省,710000.0,,,24,0,2,1
2020-02-19,中国,CN,香港特别行政区,810000.0,,,65,0,5,2
2020-02-19,中国,CN,澳门特别行政区,820000.0,,,10,0,6,0
2020-02-20,中国,CN,北京市,110000.0,,,396,0,169,4
2020-02-20,中国,CN,天津市,120000.0,,,131,0,59,3
2020-02-20,中国,CN,河北省,130000.0,,,308,0,170,5
2020-02-20,中国,CN,山西省,140000.0,,,132,0,76,0
2020-02-20,中国,CN,内蒙古自治区,150000.0,,,75,0,16,0
2020-02-20,中国,CN,辽宁省,210000.0,,,121,0,61,1
2020-02-20,中国,CN,吉林省,220000.0,,,91,0,44,1
2020-02-20,中国,CN,黑龙江省,230000.0,,,479,0,141,12
2020-02-20,中国,CN,上海市,310000.0,,,334,0,199,2
2020-02-20,中国,CN,江苏省,320000.0,,,631,0,352,0
2020-02-20,中国,CN,浙江省,330000.0,,,1203,0,647,1
2020-02-20,中国,CN,安徽省,340000.0,,,988,0,500,6
2020-02-20,中国,CN,福建省,350000.0,,,293,0,134,1
2020-02-20,中国,CN,江西省,360000.0,,,934,0,489,1
2020-02-20,中国,CN,山东省,370000.0,,,748,0,270,4
2020-02-20,中国,CN,河南省,410000.0,,,1267,0,717,19
2020-02-20,中国,CN,湖北省,420000.0,,,63088,0,11788,2144
2020-02-20,中国,CN,湖南省,430000.0,,,1011,0,638,4
2020-02-20,中国,CN,广东省,440000.0,,,1333,0,664,5
2020-02-20,中国,CN,广西壮族自治区,450000.0,,,246,0,95,2
2020-02-20,中国,CN,海南省,460000.0,,,168,0,89,4
2020-02-20,中国,CN,重庆市,500000.0,,,567,0,299,6
2020-02-20,中国,CN,四川省,510000.0,,,525,0,222,3
2020-02-20,中国,CN,贵州省,520000.0,,,146,0,76,2
2020-02-20,中国,CN,云南省,530000.0,,,174,0,79,2
2020-02-20,中国,CN,西藏自治区,540000.0,,,1,0,1,0
2020-02-20,中国,CN,陕西省,610000.0,,,245,0,110,1
2020-02-20,中国,CN,甘肃省,620000.0,,,91,0,71,2
2020-02-20,中国,CN,青海省,630000.0,,,18,0,16,0
2020-02-20,中国,CN,宁夏回族自治区,640000.0,,,71,0,44,0
2020-02-20,中国,CN,新疆维吾尔自治区,650000.0,,,76,0,22,1
2020-02-20,中国,CN,台湾省,710000.0,,,24,0,2,1
2020-02-20,中国,CN,香港特别行政区,810000.0,,,68,0,5,2
2020-02-20,中国,CN,澳门特别行政区,820000.0,,,10,0,6,0
2020-02-21,中国,CN,北京市,110000.0,,,399,0,178,4
2020-02-21,中国,CN,天津市,120000.0,,,133,0,62,3
2020-02-21,中国,CN,河北省,130000.0,,,309,0,184,6
2020-02-21,中国,CN,山西省,140000.0,,,132,0,78,0
2020-02-21,中国,CN,内蒙古自治区,150000.0,,,75,0,22,0
2020-02-21,中国,CN,辽宁省,210000.0,,,121,0,66,1
2020-02-21,中国,CN,吉林省,220000.0,,,91,0,46,1
2020-02-21,中国,CN,黑龙江省,230000.0,,,479,0,183,12
2020-02-21,中国,CN,上海市,310000.0,,,334,0,211,3
2020-02-21,中国,CN,江苏省,320000.0,,,631,0,387,0
2020-02-21,中国,CN,浙江省,330000.0,,,1205,0,694,1
2020-02-21,中国,CN,安徽省,340000.0,,,989,0,566,6
2020-02-21,中国,CN,福建省,350000.0,,,293,0,150,1
2020-02-21,中国,CN,江西省,360000.0,,,934,0,544,1
2020-02-21,中国,CN,山东省,370000.0,,,750,0,293,4
2020-02-21,中国,CN,河南省,410000.0,,,1270,0,802,19
2020-02-21,中国,CN,湖北省,420000.0,,,63454,0,13557,2250
2020-02-21,中国,CN,湖南省,430000.0,,,1013,0,670,4
2020-02-21,中国,CN,广东省,440000.0,,,1339,0,720,5
2020-02-21,中国,CN,广西壮族自治区,450000.0,,,249,0,99,2
2020-02-21,中国,CN,海南省,460000.0,,,168,0,96,4
2020-02-21,中国,CN,重庆市,500000.0,,,572,0,316,6
2020-02-21,中国,CN,四川省,510000.0,,,526,0,242,3
2020-02-21,中国,CN,贵州省,520000.0,,,146,0,90,2
2020-02-21,中国,CN,云南省,530000.0,,,174,0,96,2
2020-02-21,中国,CN,西藏自治区,540000.0,,,1,0,1,0
2020-02-21,中国,CN,陕西省,610000.0,,,245,0,117,1
2020-02-21,中国,CN,甘肃省,620000.0,,,91,0,76,2
2020-02-21,中国,CN,青海省,630000.0,,,18,0,18,0
2020-02-21,中国,CN,宁夏回族自治区,640000.0,,,71,0,48,0
2020-02-21,中国,CN,新疆维吾尔自治区,650000.0,,,76,0,24,2
2020-02-21,中国,CN,台湾省,710000.0,,,26,0,2,1
2020-02-21,中国,CN,香港特别行政区,810000.0,,,68,0,6,2
2020-02-21,中国,CN,澳门特别行政区,820000.0,,,10,0,6,0
2020-02-22,中国,CN,北京市,110000.0,,,399,0,189,4
2020-02-22,中国,CN,天津市,120000.0,,,135,0,65,3
2020-02-22,中国,CN,河北省,130000.0,,,311,0,204,6
2020-02-22,中国,CN,山西省,140000.0,,,132,0,81,0
2020-02-22,中国,CN,内蒙古自治区,150000.0,,,75,0,26,0
2020-02-22,中国,CN,辽宁省,210000.0,,,121,0,68,1
2020-02-22,中国,CN,吉林省,220000.0,,,91,0,52,1
2020-02-22,中国,CN,黑龙江省,230000.0,,,480,0,215,12
2020-02-22,中国,CN,上海市,310000.0,,,335,0,227,3
2020-02-22,中国,CN,江苏省,320000.0,,,631,0,411,0
2020-02-22,中国,CN,浙江省,330000.0,,,1205,0,729,1
2020-02-22,中国,CN,安徽省,340000.0,,,989,0,620,6
2020-02-22,中国,CN,福建省,350000.0,,,293,0,165,1
2020-02-22,中国,CN,江西省,360000.0,,,934,0,611,1
2020-02-22,中国,CN,山东省,370000.0,,,754,0,311,4
2020-02-22,中国,CN,河南省,410000.0,,,1271,0,861,19
2020-02-22,中国,CN,湖北省,420000.0,,,63889,0,15299,2346
2020-02-22,中国,CN,湖南省,430000.0,,,1016,0,704,4
2020-02-22,中国,CN,广东省,440000.0,,,1342,0,740,6
2020-02-22,中国,CN,广西壮族自治区,450000.0,,,249,0,104,2
2020-02-22,中国,CN,海南省,460000.0,,,168,0,104,4
2020-02-22,中国,CN,重庆市,500000.0,,,573,0,328,6
2020-02-22,中国,CN,四川省,510000.0,,,526,0,256,3
2020-02-22,中国,CN,贵州省,520000.0,,,146,0,91,2
2020-02-22,中国,CN,云南省,530000.0,,,174,0,107,2
2020-02-22,中国,CN,西藏自治区,540000.0,,,1,0,1,0
2020-02-22,中国,CN,陕西省,610000.0,,,245,0,140,1
2020-02-22,中国,CN,甘肃省,620000.0,,,91,0,76,2
2020-02-22,中国,CN,青海省,630000.0,,,18,0,18,0
2020-02-22,中国,CN,宁夏回族自治区,640000.0,,,71,0,48,0
2020-02-22,中国,CN,新疆维吾尔自治区,650000.0,,,76,0,25,2
2020-02-22,中国,CN,台湾省,710000.0,,,26,0,2,1
2020-02-22,中国,CN,香港特别行政区,810000.0,,,69,0,11,2
2020-02-22,中国,CN,澳门特别行政区,820000.0,,,10,0,6,0
2020-02-23,中国,CN,北京市,110000.0,,,399,0,198,4
2020-02-23,中国,CN,天津市,120000.0,,,135,0,81,3
2020-02-23,中国,CN,河北省,130000.0,,,311,0,221,6
2020-02-23,中国,CN,山西省,140000.0,,,132,0,88,0
2020-02-23,中国,CN,内蒙古自治区,150000.0,,,75,0,30,0
2020-02-23,中国,CN,辽宁省,210000.0,,,121,0,73,1
2020-02-23,中国,CN,吉林省,220000.0,,,93,0,54,1
2020-02-23,中国,CN,黑龙江省,230000.0,,,480,0,224,12
2020-02-23,中国,CN,上海市,310000.0,,,335,0,249,3
2020-02-23,中国,CN,江苏省,320000.0,,,631,0,427,0
2020-02-23,中国,CN,浙江省,330000.0,,,1205,0,765,1
2020-02-23,中国,CN,安徽省,340000.0,,,989,0,648,6
2020-02-23,中国,CN,福建省,350000.0,,,293,0,174,1
2020-02-23,中国,CN,江西省,360000.0,,,934,0,645,1
2020-02-23,中国,CN,山东省,370000.0,,,755,0,325,4
2020-02-23,中国,CN,河南省,410000.0,,,1271,0,930,19
2020-02-23,中国,CN,湖北省,420000.0,,,64287,0,16738,2495
2020-02-23,中国,CN,湖南省,430000.0,,,1016,0,721,4
2020-02-23,中国,CN,广东省,440000.0,,,1345,0,772,6
2020-02-23,中国,CN,广西壮族自治区,450000.0,,,251,0,107,2
2020-02-23,中国,CN,海南省,460000.0,,,168,0,106,5
2020-02-23,中国,CN,重庆市,500000.0,,,575,0,335,6
2020-02-23,中国,CN,四川省,510000.0,,,527,0,263,3
2020-02-23,中国,CN,贵州省,520000.0,,,146,0,102,2
2020-02-23,中国,CN,云南省,530000.0,,,174,0,115,2
2020-02-23,中国,CN,西藏自治区,540000.0,,,1,0,1,0
2020-02-23,中国,CN,陕西省,610000.0,,,245,0,153,1
2020-02-23,中国,CN,甘肃省,620000.0,,,91,0,78,2
2020-02-23,中国,CN,青海省,630000.0,,,18,0,18,0
2020-02-23,中国,CN,宁夏回族自治区,640000.0,,,71,0,57,0
2020-02-23,中国,CN,新疆维吾尔自治区,650000.0,,,76,0,28,2
2020-02-23,中国,CN,台湾省,710000.0,,,28,0,5,1
2020-02-23,中国,CN,香港特别行政区,810000.0,,,74,0,12,2
2020-02-23,中国,CN,澳门特别行政区,820000.0,,,10,0,6,0
2020-02-24,中国,CN,北京市,110000.0,,,400,0,215,4
2020-02-24,中国,CN,天津市,120000.0,,,135,0,87,3
2020-02-24,中国,CN,河北省,130000.0,,,311,0,241,6
2020-02-24,中国,CN,山西省,140000.0,,,133,0,94,0
2020-02-24,中国,CN,内蒙古自治区,150000.0,,,75,0,34,0
2020-02-24,中国,CN,辽宁省,210000.0,,,121,0,83,1
2020-02-24,中国,CN,吉林省,220000.0,,,93,0,60,1
2020-02-24,中国,CN,黑龙江省,230000.0,,,480,0,232,12
2020-02-24,中国,CN,上海市,310000.0,,,335,0,261,3
2020-02-24,中国,CN,江苏省,320000.0,,,631,0,458,0
2020-02-24,中国,CN,浙江省,330000.0,,,1205,0,794,1
2020-02-24,中国,CN,安徽省,340000.0,,,989,0,692,6
2020-02-24,中国,CN,福建省,350000.0,,,294,0,188,1
2020-02-24,中国,CN,江西省,360000.0,,,934,0,682,1
2020-02-24,中国,CN,山东省,370000.0,,,755,0,343,6
2020-02-24,中国,CN,河南省,410000.0,,,1271,0,989,19
2020-02-24,中国,CN,湖北省,420000.0,,,64786,0,18854,2563
2020-02-24,中国,CN,湖南省,430000.0,,,1016,0,751,4
2020-02-24,中国,CN,广东省,440000.0,,,1347,0,805,7
2020-02-24,中国,CN,广西壮族自治区,450000.0,,,252,0,129,2
2020-02-24,中国,CN,海南省,460000.0,,,168,0,116,5
2020-02-24,中国,CN,重庆市,500000.0,,,576,0,349,6
2020-02-24,中国,CN,四川省,510000.0,,,529,0,278,3
2020-02-24,中国,CN,贵州省,520000.0,,,146,0,103,2
2020-02-24,中国,CN,云南省,530000.0,,,174,0,124,2
2020-02-24,中国,CN,西藏自治区,540000.0,,,1,0,1,0
2020-02-24,中国,CN,陕西省,610000.0,,,245,0,175,1
2020-02-24,中国,CN,甘肃省,620000.0,,,91,0,80,2
2020-02-24,中国,CN,青海省,630000.0,,,18,0,18,0
2020-02-24,中国,CN,宁夏回族自治区,640000.0,,,71,0,58,0
2020-02-24,中国,CN,新疆维吾尔自治区,650000.0,,,76,0,30,2
2020-02-24,中国,CN,台湾省,710000.0,,,30,0,5,1
2020-02-24,中国,CN,香港特别行政区,810000.0,,,81,0,18,2
2020-02-24,中国,CN,澳门特别行政区,820000.0,,,10,0,6,0
2020-02-25,中国,CN,北京市,110000.0,,,400,0,235,4
2020-02-25,中国,CN,天津市,120000.0,,,135,0,91,3
2020-02-25,中国,CN,河北省,130000.0,,,312,0,248,6
2020-02-25,中国,CN,山西省,140000.0,,,133,0,98,0
2020-02-25,中国,CN,内蒙古自治区,150000.0,,,75,0,35,0
2020-02-25,中国,CN,辽宁省,210000.0,,,121,0,88,1
2020-02-25,中国,CN,吉林省,220000.0,,,93,0,63,1
2020-02-25,中国,CN,黑龙江省,230000.0,,,480,0,245,12
2020-02-25,中国,CN,上海市,310000.0,,,336,0,268,3
2020-02-25,中国,CN,江苏省,320000.0,,,631,0,463,0
2020-02-25,中国,CN,浙江省,330000.0,,,1205,0,814,1
2020-02-25,中国,CN,安徽省,340000.0,,,989,0,727,6
2020-02-25,中国,CN,福建省,350000.0,,,294,0,205,1
2020-02-25,中国,CN,江西省,360000.0,,,934,0,719,1
2020-02-25,中国,CN,山东省,370000.0,,,756,0,357,6
2020-02-25,中国,CN,河南省,410000.0,,,1271,0,1023,19
2020-02-25,中国,CN,湖北省,420000.0,,,65187,0,20912,2615
2020-02-25,中国,CN,湖南省,430000.0,,,1016,0,779,4
2020-02-25,中国,CN,广东省,440000.0,,,1347,0,841,7
2020-02-25,中国,CN,广西壮族自治区,450000.0,,,252,0,138,2
2020-02-25,中国,CN,海南省,460000.0,,,168,0,124,5
2020-02-25,中国,CN,重庆市,500000.0,,,576,0,372,6
2020-02-25,中国,CN,四川省,510000.0,,,531,0,292,3
2020-02-25,中国,CN,贵州省,520000.0,,,146,0,104,2
2020-02-25,中国,CN,云南省,530000.0,,,174,0,129,2
2020-02-25,中国,CN,西藏自治区,540000.0,,,1,0,1,0
2020-02-25,中国,CN,陕西省,610000.0,,,245,0,186,1
2020-02-25,中国,CN,甘肃省,620000.0,,,91,0,80,2
2020-02-25,中国,CN,青海省,630000.0,,,18,0,18,0
2020-02-25,中国,CN,宁夏回族自治区,640000.0,,,71,0,61,0
2020-02-25,中国,CN,新疆维吾尔自治区,650000.0,,,76,0,30,2
2020-02-25,中国,CN,台湾省,710000.0,,,31,0,5,1
2020-02-25,中国,CN,香港特别行政区,810000.0,,,85,0,18,2
2020-02-25,中国,CN,澳门特别行政区,820000.0,,,10,0,7,0
2020-02-26,中国,CN,北京市,110000.0,,,410,0,248,5
2020-02-26,中国,CN,天津市,120000.0,,,135,0,96,3
2020-02-26,中国,CN,河北省,130000.0,,,317,0,261,6
2020-02-26,中国,CN,山西省,140000.0,,,133,0,104,0
2020-02-26,中国,CN,内蒙古自治区,150000.0,,,75,0,38,0
2020-02-26,中国,CN,辽宁省,210000.0,,,121,0,92,1
2020-02-26,中国,CN,吉林省,220000.0,,,93,0,65,1
2020-02-26,中国,CN,黑龙江省,230000.0,,,480,0,262,13
2020-02-26,中国,CN,上海市,310000.0,,,337,0,272,3
2020-02-26,中国,CN,江苏省,320000.0,,,631,0,494,0
2020-02-26,中国,CN,浙江省,330000.0,,,1205,0,881,1
2020-02-26,中国,CN,安徽省,340000.0,,,989,0,764,6
2020-02-26,中国,CN,福建省,350000.0,,,296,0,225,1
2020-02-26,中国,CN,江西省,360000.0,,,934,0,754,1
2020-02-26,中国,CN,山东省,370000.0,,,756,0,381,6
2020-02-26,中国,CN,河南省,410000.0,,,1272,0,1062,20
2020-02-26,中国,CN,湖北省,420000.0,,,65596,0,23200,2641
2020-02-26,中国,CN,湖南省,430000.0,,,1017,0,793,4
2020-02-26,中国,CN,广东省,440000.0,,,1347,0,873,7
2020-02-26,中国,CN,广西壮族自治区,450000.0,,,252,0,159,2
2020-02-26,中国,CN,海南省,460000.0,,,168,0,129,5
2020-02-26,中国,CN,重庆市,500000.0,,,576,0,384,6
2020-02-26,中国,CN,四川省,510000.0,,,534,0,310,3
2020-02-26,中国,CN,贵州省,520000.0,,,146,0,112,2
2020-02-26,中国,CN,云南省,530000.0,,,174,0,144,2
2020-02-26,中国,CN,西藏自治区,540000.0,,,1,0,1,0
2020-02-26,中国,CN,陕西省,610000.0,,,245,0,194,1
2020-02-26,中国,CN,甘肃省,620000.0,,,91,0,81,2
2020-02-26,中国,CN,青海省,630000.0,,,18,0,18,0
2020-02-26,中国,CN,宁夏回族自治区,640000.0,,,72,0,65,0
2020-02-26,中国,CN,新疆维吾尔自治区,650000.0,,,76,0,34,2
2020-02-26,中国,CN,台湾省,710000.0,,,32,0,5,1
2020-02-26,中国,CN,香港特别行政区,810000.0,,,91,0,24,2
2020-02-26,中国,CN,澳门特别行政区,820000.0,,,10,0,7,0
2020-02-27,中国,CN,北京市,110000.0,,,410,0,257,7
2020-02-27,中国,CN,天津市,120000.0,,,136,0,102,3
2020-02-27,中国,CN,河北省,130000.0,,,318,0,274,6
2020-02-27,中国,CN,山西省,140000.0,,,133,0,107,0
2020-02-27,中国,CN,内蒙古自治区,150000.0,,,75,0,43,0
2020-02-27,中国,CN,辽宁省,210000.0,,,121,0,93,1
2020-02-27,中国,CN,吉林省,220000.0,,,93,0,68,1
2020-02-27,中国,CN,黑龙江省,230000.0,,,480,0,280,13
2020-02-27,中国,CN,上海市,310000.0,,,337,0,276,3
2020-02-27,中国,CN,江苏省,320000.0,,,631,0,506,0
2020-02-27,中国,CN,浙江省,330000.0,,,1205,0,943,1
2020-02-27,中国,CN,安徽省,340000.0,,,990,0,814,6
2020-02-27,中国,CN,福建省,350000.0,,,296,0,232,1
2020-02-27,中国,CN,江西省,360000.0,,,935,0,790,1
2020-02-27,中国,CN,山东省,370000.0,,,756,0,390,6
2020-02-27,中国,CN,河南省,410000.0,,,1272,0,1103,20
2020-02-27,中国,CN,湖北省,420000.0,,,65914,0,26403,2682
2020-02-27,中国,CN,湖南省,430000.0,,,1017,0,820,4
2020-02-27,中国,CN,广东省,440000.0,,,1348,0,919,7
2020-02-27,中国,CN,广西壮族自治区,450000.0,,,252,0,166,2
2020-02-27,中国,CN,海南省,460000.0,,,168,0,132,5
2020-02-27,中国,CN,重庆市,500000.0,,,576,0,401,6
2020-02-27,中国,CN,四川省,510000.0,,,538,0,326,3
2020-02-27,中国,CN,贵州省,520000.0,,,146,0,112,2
2020-02-27,中国,CN,云南省,530000.0,,,174,0,150,2
2020-02-27,中国,CN,西藏自治区,540000.0,,,1,0,1,0
2020-02-27,中国,CN,陕西省,610000.0,,,245,0,197,1
2020-02-27,中国,CN,甘肃省,620000.0,,,91,0,82,2
2020-02-27,中国,CN,青海省,630000.0,,,18,0,18,0
2020-02-27,中国,CN,宁夏回族自治区,640000.0,,,72,0,68,0
2020-02-27,中国,CN,新疆维吾尔自治区,650000.0,,,76,0,43,3
2020-02-27,中国,CN,台湾省,710000.0,,,32,0,6,1
2020-02-27,中国,CN,香港特别行政区,810000.0,,,93,0,26,2
2020-02-27,中国,CN,澳门特别行政区,820000.0,,,10,0,8,0
2020-02-28,中国,CN,北京市,110000.0,,,410,0,257,7
2020-02-28,中国,CN,天津市,120000.0,,,136,0,102,3
2020-02-28,中国,CN,河北省,130000.0,,,318,0,274,6
2020-02-28,中国,CN,山西省,140000.0,,,133,0,107,0
2020-02-28,中国,CN,内蒙古自治区,150000.0,,,75,0,43,0
2020-02-28,中国,CN,辽宁省,210000.0,,,121,0,93,1
2020-02-28,中国,CN,吉林省,220000.0,,,93,0,68,1
2020-02-28,中国,CN,黑龙江省,230000.0,,,480,0,280,13
2020-02-28,中国,CN,上海市,310000.0,,,337,0,276,3
2020-02-28,中国,CN,江苏省,320000.0,,,631,0,506,0
2020-02-28,中国,CN,浙江省,330000.0,,,1205,0,943,1
2020-02-28,中国,CN,安徽省,340000.0,,,990,0,814,6
2020-02-28,中国,CN,福建省,350000.0,,,296,0,232,1
2020-02-28,中国,CN,江西省,360000.0,,,935,0,790,1
2020-02-28,中国,CN,山东省,370000.0,,,756,0,390,6
2020-02-28,中国,CN,河南省,410000.0,,,1272,0,1103,20
2020-02-28,中国,CN,湖北省,420000.0,,,65914,0,26403,2682
2020-02-28,中国,CN,湖南省,430000.0,,,1017,0,820,4
2020-02-28,中国,CN,广东省,440000.0,,,1348,0,919,7
2020-02-28,中国,CN,广西壮族自治区,450000.0,,,252,0,166,2
2020-02-28,中国,CN,海南省,460000.0,,,168,0,132,5
2020-02-28,中国,CN,重庆市,500000.0,,,576,0,401,6
2020-02-28,中国,CN,四川省,510000.0,,,538,0,326,3
2020-02-28,中国,CN,贵州省,520000.0,,,146,0,112,2
2020-02-28,中国,CN,云南省,530000.0,,,174,0,150,2
2020-02-28,中国,CN,西藏自治区,540000.0,,,1,0,1,0
2020-02-28,中国,CN,陕西省,610000.0,,,245,0,197,1
2020-02-28,中国,CN,甘肃省,620000.0,,,91,0,82,2
2020-02-28,中国,CN,青海省,630000.0,,,18,0,18,0
2020-02-28,中国,CN,宁夏回族自治区,640000.0,,,72,0,68,0
2020-02-28,中国,CN,新疆维吾尔自治区,650000.0,,,76,0,43,3
2020-02-28,中国,CN,台湾省,710000.0,,,32,0,6,1
2020-02-28,中国,CN,香港特别行政区,810000.0,,,93,0,26,2
2020-02-28,中国,CN,澳门特别行政区,820000.0,,,10,0,8,0
