date,country,province,city,confirmed,suspected,cured,dead
2019-12-01,中国,湖北省,,1,0,0,0
2019-12-02,中国,湖北省,,1,0,0,0
2019-12-03,中国,湖北省,,1,0,0,0
2019-12-04,中国,湖北省,,1,0,0,0
2019-12-05,中国,湖北省,,1,0,0,0
2019-12-06,中国,湖北省,,1,0,0,0
2019-12-07,中国,湖北省,,1,0,0,0
2019-12-08,中国,湖北省,,1,0,0,0
2019-12-09,中国,湖北省,,1,0,0,0
2019-12-10,中国,湖北省,,1,0,0,0
2019-12-11,中国,湖北省,,4,0,0,0
2019-12-12,中国,湖北省,,4,0,0,0
2019-12-13,中国,湖北省,,4,0,0,0
2019-12-14,中国,湖北省,,4,0,0,0
2019-12-15,中国,湖北省,,6,0,0,0
2019-12-16,中国,湖北省,,6,0,0,0
2019-12-17,中国,湖北省,,7,0,0,0
2019-12-18,中国,湖北省,,8,0,0,0
2019-12-19,中国,湖北省,,9,0,0,0
2019-12-20,中国,湖北省,,14,0,0,0
2019-12-21,中国,湖北省,,18,0,0,0
2019-12-22,中国,湖北省,,21,0,0,0
2019-12-23,中国,湖北省,,29,0,0,0
2019-12-24,中国,湖北省,,30,0,0,0
2019-12-25,中国,湖北省,,33,0,0,0
2019-12-26,中国,湖北省,,35,0,0,0
2019-12-27,中国,湖北省,,37,0,0,0
2019-12-28,中国,湖北省,,37,0,0,0
2019-12-29,中国,湖北省,,37,0,0,0
2019-12-30,中国,湖北省,,37,0,0,0
2019-12-31,中国,湖北省,,40,0,0,0
2020-01-01,中国,湖北省,,43,0,0,0
2020-01-02,中国,湖北省,,44,0,0,0
2020-01-03,中国,湖北省,,41,0,0,0
2020-01-04,中国,湖北省,,41,0,0,0
2020-01-05,中国,湖北省,,41,0,0,0
2020-01-06,中国,湖北省,,41,0,0,0
2020-01-07,中国,湖北省,,41,0,0,0
2020-01-08,中国,湖北省,,41,0,0,0
2020-01-09,中国,湖北省,,41,0,0,0
2020-01-10,中国,湖北省,,41,0,2,1
2020-01-11,中国,湖北省,,41,0,6,1
2020-01-12,中国,湖北省,,41,0,7,1
2020-01-13,中国,湖北省,,41,0,7,1
2020-01-14,中国,湖北省,,41,0,7,1
2020-01-15,中国,湖北省,,41,0,12,2
2020-01-16,中国,湖北省,,45,0,15,2
2020-01-17,中国,湖北省,,62,0,19,2
2020-01-18,中国,湖北省,,121,0,24,3
2020-01-19,中国,广东省,,1,0,0,0
2020-01-19,中国,湖北省,,198,0,25,3
2020-01-20,中国,上海市,,1,0,0,0
2020-01-20,中国,云南省,,0,1,0,0
2020-01-20,中国,北京市,,5,0,0,0
2020-01-20,中国,吉林省,,0,1,0,0
2020-01-20,中国,四川省,,0,3,0,0
2020-01-20,中国,宁夏回族自治区,,0,1,0,0
2020-01-20,中国,安徽省,,0,1,0,0
2020-01-20,中国,山东省,,0,1,0,0
2020-01-20,中国,广东省,,14,7,0,0
2020-01-20,中国,广西壮族自治区,,0,1,0,0
2020-01-20,中国,江西省,,0,2,0,0
2020-01-20,中国,浙江省,,0,16,0,0
2020-01-20,中国,海南省,,0,1,0,0
2020-01-20,中国,湖北省,,270,0,25,6
2020-01-20,中国,贵州省,,0,1,0,0
2020-01-21,中国,上海市,,6,3,0,0
2020-01-21,中国,云南省,,1,0,0,0
2020-01-21,中国,北京市,,10,0,0,0
2020-01-21,中国,吉林省,,0,1,0,0
2020-01-21,中国,四川省,,2,5,0,0
2020-01-21,中国,天津市,,2,0,0,0
2020-01-21,中国,宁夏回族自治区,,0,1,0,0
2020-01-21,中国,安徽省,,0,1,0,0
2020-01-21,中国,山东省,,1,0,0,0
2020-01-21,中国,山西省,,0,1,0,0
2020-01-21,中国,广东省,,26,0,0,0
2020-01-21,中国,广西壮族自治区,,0,2,0,0
2020-01-21,中国,江西省,,2,0,0,0
2020-01-21,中国,河南省,,1,0,0,0
2020-01-21,中国,浙江省,,5,0,0,0
2020-01-21,中国,海南省,,0,1,0,0
2020-01-21,中国,湖北省,,375,0,28,9
2020-01-21,中国,湖南省,,1,0,0,0
2020-01-21,中国,贵州省,,0,1,0,0
2020-01-21,中国,重庆市,,5,0,0,0
2020-01-21,中国,黑龙江省,,0,1,0,0
2020-01-22,中国,上海市,,16,22,0,0
2020-01-22,中国,北京市,,14,0,0,0
2020-01-22,中国,台湾省,,1,0,0,0
2020-01-22,中国,吉林省,,1,0,0,0
2020-01-22,中国,四川省,,5,2,0,0
2020-01-22,中国,天津市,,4,0,0,0
2020-01-22,中国,宁夏回族自治区,,1,0,0,0
2020-01-22,中国,安徽省,,1,4,0,0
2020-01-22,中国,山东省,,6,0,0,0
2020-01-22,中国,山西省,,1,0,0,0
2020-01-22,中国,广东省,,32,0,0,0
2020-01-22,中国,广西壮族自治区,,2,1,0,0
2020-01-22,中国,江苏省,,1,0,0,0
2020-01-22,中国,江西省,,3,0,0,0
2020-01-22,中国,河北省,,1,0,0,0
2020-01-22,中国,河南省,,5,0,0,0
2020-01-22,中国,浙江省,,10,0,0,0
2020-01-22,中国,海南省,,5,32,0,0
2020-01-22,中国,湖北省,,444,0,28,17
2020-01-22,中国,湖南省,,4,0,0,0
2020-01-22,中国,澳门特别行政区,,1,0,0,0
2020-01-22,中国,福建省,,1,0,0,0
2020-01-22,中国,贵州省,,3,0,0,0
2020-01-22,中国,辽宁省,,2,0,0,0
2020-01-22,中国,重庆市,,9,0,0,0
2020-01-22,中国,陕西省,,4,0,0,0
2020-01-22,中国,香港特别行政区,,1,0,0,0
2020-01-22,中国,黑龙江省,,1,0,0,0
2020-01-23,中国,上海市,,20,34,0,0
2020-01-23,中国,云南省,,2,0,0,0
2020-01-23,中国,内蒙古自治区,,1,2,0,0
2020-01-23,中国,北京市,,22,0,0,0
2020-01-23,中国,台湾省,,1,0,0,0
2020-01-23,中国,吉林省,,3,0,0,0
2020-01-23,中国,四川省,,15,0,0,0
2020-01-23,中国,天津市,,5,0,0,0
2020-01-23,中国,宁夏回族自治区,,2,1,0,0
2020-01-23,中国,安徽省,,15,0,0,0
2020-01-23,中国,山东省,,9,0,0,0
2020-01-23,中国,山西省,,1,0,0,0
2020-01-23,中国,广东省,,53,0,2,0
2020-01-23,中国,广西壮族自治区,,13,0,0,0
2020-01-23,中国,新疆维吾尔自治区,,2,0,0,0
2020-01-23,中国,江苏省,,9,0,0,0
2020-01-23,中国,江西省,,7,0,0,0
2020-01-23,中国,河北省,,2,0,0,1
2020-01-23,中国,河南省,,9,0,0,0
2020-01-23,中国,浙江省,,43,0,1,0
2020-01-23,中国,海南省,,8,0,0,0
2020-01-23,中国,湖北省,,549,0,31,24
2020-01-23,中国,湖南省,,24,0,0,0
2020-01-23,中国,澳门特别行政区,,2,0,0,0
2020-01-23,中国,甘肃省,,2,1,0,0
2020-01-23,中国,福建省,,4,0,0,0
2020-01-23,中国,贵州省,,3,0,0,0
2020-01-23,中国,辽宁省,,4,0,0,0
2020-01-23,中国,重庆市,,27,0,0,0
2020-01-23,中国,陕西省,,5,0,0,0
2020-01-23,中国,香港特别行政区,,2,0,0,0
2020-01-23,中国,黑龙江省,,4,0,0,1
2020-01-24,中国,上海市,,33,72,1,0
2020-01-24,中国,云南省,,5,0,0,0
2020-01-24,中国,内蒙古自治区,,2,5,0,0
2020-01-24,中国,北京市,,36,0,0,0
2020-01-24,中国,台湾省,,3,0,0,0
2020-01-24,中国,吉林省,,4,0,0,0
2020-01-24,中国,四川省,,28,0,0,0
2020-01-24,中国,天津市,,8,0,0,0
2020-01-24,中国,宁夏回族自治区,,3,1,0,0
2020-01-24,中国,安徽省,,39,0,0,0
2020-01-24,中国,山东省,,21,11,0,0
2020-01-24,中国,山西省,,6,0,0,0
2020-01-24,中国,广东省,,78,0,2,0
2020-01-24,中国,广西壮族自治区,,23,0,0,0
2020-01-24,中国,新疆维吾尔自治区,,3,0,0,0
2020-01-24,中国,江苏省,,18,0,1,0
2020-01-24,中国,江西省,,18,0,0,0
2020-01-24,中国,河北省,,8,0,0,1
2020-01-24,中国,河南省,,32,1,0,0
2020-01-24,中国,浙江省,,62,0,1,0
2020-01-24,中国,海南省,,17,0,0,0
2020-01-24,中国,湖北省,,729,0,32,39
2020-01-24,中国,湖南省,,43,0,0,0
2020-01-24,中国,澳门特别行政区,,2,0,0,0
2020-01-24,中国,甘肃省,,4,0,0,0
2020-01-24,中国,福建省,,10,4,0,0
2020-01-24,中国,贵州省,,4,0,0,0
2020-01-24,中国,辽宁省,,12,0,0,0
2020-01-24,中国,重庆市,,57,0,0,0
2020-01-24,中国,陕西省,,15,0,0,0
2020-01-24,中国,青海省,,0,1,0,0
2020-01-24,中国,香港特别行政区,,5,0,0,0
2020-01-24,中国,黑龙江省,,9,0,0,1
2020-01-25,中国,上海市,,40,95,1,1
2020-01-25,中国,云南省,,11,0,0,0
2020-01-25,中国,内蒙古自治区,,7,0,0,0
2020-01-25,中国,北京市,,41,0,0,0
2020-01-25,中国,台湾省,,3,0,0,0
2020-01-25,中国,吉林省,,4,0,0,0
2020-01-25,中国,四川省,,44,0,0,0
2020-01-25,中国,天津市,,10,0,0,0
2020-01-25,中国,宁夏回族自治区,,4,1,0,0
2020-01-25,中国,安徽省,,60,0,0,0
2020-01-25,中国,山东省,,39,11,0,0
2020-01-25,中国,山西省,,9,0,0,0
2020-01-25,中国,广东省,,98,0,2,0
2020-01-25,中国,广西壮族自治区,,33,0,0,0
2020-01-25,中国,新疆维吾尔自治区,,4,0,0,0
2020-01-25,中国,江苏省,,31,0,1,0
2020-01-25,中国,江西省,,36,0,0,0
2020-01-25,中国,河北省,,13,0,0,1
2020-01-25,中国,河南省,,83,3,0,1
2020-01-25,中国,浙江省,,104,0,1,0
2020-01-25,中国,海南省,,22,0,0,0
2020-01-25,中国,湖北省,,1052,0,42,52
2020-01-25,中国,湖南省,,69,0,0,0
2020-01-25,中国,澳门特别行政区,,2,0,0,0
2020-01-25,中国,甘肃省,,7,0,0,0
2020-01-25,中国,福建省,,18,20,0,0
2020-01-25,中国,贵州省,,5,0,0,0
2020-01-25,中国,辽宁省,,16,0,0,0
2020-01-25,中国,重庆市,,75,0,0,0
2020-01-25,中国,陕西省,,22,0,0,0
2020-01-25,中国,青海省,,1,0,0,0
2020-01-25,中国,香港特别行政区,,5,0,0,0
2020-01-25,中国,黑龙江省,,15,17,0,1
2020-01-26,中国,上海市,,53,90,1,1
2020-01-26,中国,云南省,,19,36,0,0
2020-01-26,中国,内蒙古自治区,,11,1,0,0
2020-01-26,中国,北京市,,68,0,0,0
2020-01-26,中国,台湾省,,4,0,0,0
2020-01-26,中国,吉林省,,6,0,0,0
2020-01-26,中国,四川省,,69,0,0,0
2020-01-26,中国,天津市,,14,0,0,0
2020-01-26,中国,宁夏回族自治区,,7,0,0,0
2020-01-26,中国,安徽省,,70,0,0,0
2020-01-26,中国,山东省,,63,33,0,0
2020-01-26,中国,山西省,,13,0,0,0
2020-01-26,中国,广东省,,146,0,2,0
2020-01-26,中国,广西壮族自治区,,46,0,0,0
2020-01-26,中国,新疆维吾尔自治区,,5,0,0,0
2020-01-26,中国,江苏省,,47,0,1,0
2020-01-26,中国,江西省,,48,0,0,0
2020-01-26,中国,河北省,,18,16,0,1
2020-01-26,中国,河南省,,128,18,0,1
2020-01-26,中国,浙江省,,128,0,1,0
2020-01-26,中国,海南省,,31,0,0,1
2020-01-26,中国,湖北省,,1423,0,44,76
2020-01-26,中国,湖南省,,100,0,0,0
2020-01-26,中国,澳门特别行政区,,5,0,0,0
2020-01-26,中国,甘肃省,,14,0,0,0
2020-01-26,中国,福建省,,35,39,0,0
2020-01-26,中国,贵州省,,7,3,0,0
2020-01-26,中国,辽宁省,,22,0,0,0
2020-01-26,中国,重庆市,,110,0,0,0
2020-01-26,中国,陕西省,,35,0,0,0
2020-01-26,中国,青海省,,4,0,0,0
2020-01-26,中国,香港特别行政区,,8,0,0,0
2020-01-26,中国,黑龙江省,,21,48,0,1
2020-01-27,中国,上海市,,66,129,3,1
2020-01-27,中国,云南省,,44,125,0,0
2020-01-27,中国,内蒙古自治区,,13,2,0,0
2020-01-27,中国,北京市,,80,0,2,1
2020-01-27,中国,台湾省,,5,0,0,0
2020-01-27,中国,吉林省,,8,0,0,0
2020-01-27,中国,四川省,,90,0,0,0
2020-01-27,中国,天津市,,23,0,0,0
2020-01-27,中国,宁夏回族自治区,,11,0,0,0
2020-01-27,中国,安徽省,,106,38,0,0
2020-01-27,中国,山东省,,63,42,0,0
2020-01-27,中国,山西省,,20,0,0,0
2020-01-27,中国,广东省,,188,0,4,0
2020-01-27,中国,广西壮族自治区,,51,0,0,0
2020-01-27,中国,新疆维吾尔自治区,,10,0,0,0
2020-01-27,中国,江苏省,,70,0,1,0
2020-01-27,中国,江西省,,72,0,0,0
2020-01-27,中国,河北省,,33,54,0,1
2020-01-27,中国,河南省,,168,100,0,1
2020-01-27,中国,浙江省,,173,0,1,0
2020-01-27,中国,海南省,,40,0,0,1
2020-01-27,中国,湖北省,,2714,0,47,100
2020-01-27,中国,湖南省,,143,0,0,0
2020-01-27,中国,澳门特别行政区,,7,0,0,0
2020-01-27,中国,甘肃省,,19,0,0,0
2020-01-27,中国,福建省,,59,46,0,0
2020-01-27,中国,贵州省,,9,1,0,0
2020-01-27,中国,辽宁省,,27,0,0,0
2020-01-27,中国,重庆市,,132,0,0,0
2020-01-27,中国,陕西省,,46,0,0,0
2020-01-27,中国,青海省,,6,0,0,0
2020-01-27,中国,香港特别行政区,,8,0,0,0
2020-01-27,中国,黑龙江省,,30,67,0,1
2020-01-28,中国,上海市,,80,167,4,1
2020-01-28,中国,云南省,,51,163,0,0
2020-01-28,中国,内蒙古自治区,,16,2,0,0
2020-01-28,中国,北京市,,91,0,4,1
2020-01-28,中国,台湾省,,8,0,0,0
2020-01-28,中国,吉林省,,9,0,0,0
2020-01-28,中国,四川省,,108,0,0,0
2020-01-28,中国,天津市,,24,0,0,0
2020-01-28,中国,宁夏回族自治区,,12,2,0,0
2020-01-28,中国,安徽省,,152,42,0,0
2020-01-28,中国,山东省,,121,55,0,0
2020-01-28,中国,山西省,,27,0,0,0
2020-01-28,中国,广东省,,241,0,5,0
2020-01-28,中国,广西壮族自治区,,58,0,2,0
2020-01-28,中国,新疆维吾尔自治区,,13,0,0,0
2020-01-28,中国,江苏省,,99,0,1,0
2020-01-28,中国,江西省,,109,0,3,0
2020-01-28,中国,河北省,,48,56,0,1
2020-01-28,中国,河南省,,206,78,1,2
2020-01-28,中国,浙江省,,296,0,3,0
2020-01-28,中国,海南省,,43,0,0,1
2020-01-28,中国,湖北省,,3554,0,80,125
2020-01-28,中国,湖南省,,221,0,0,0
2020-01-28,中国,澳门特别行政区,,7,0,0,0
2020-01-28,中国,甘肃省,,24,0,0,0
2020-01-28,中国,福建省,,80,67,0,0
2020-01-28,中国,西藏自治区,,0,1,0,0
2020-01-28,中国,贵州省,,9,3,1,0
2020-01-28,中国,辽宁省,,34,0,0,0
2020-01-28,中国,重庆市,,147,0,0,0
2020-01-28,中国,陕西省,,56,0,0,0
2020-01-28,中国,青海省,,6,0,0,0
2020-01-28,中国,香港特别行政区,,8,0,0,0
2020-01-28,中国,黑龙江省,,37,87,0,1
2020-01-29,中国,上海市,,101,180,5,1
2020-01-29,中国,云南省,,70,191,0,0
2020-01-29,中国,内蒙古自治区,,18,1,0,0
2020-01-29,中国,北京市,,114,0,4,1
2020-01-29,中国,台湾省,,8,0,0,0
2020-01-29,中国,吉林省,,14,10,0,0
2020-01-29,中国,四川省,,142,0,1,1
2020-01-29,中国,天津市,,27,0,0,0
2020-01-29,中国,宁夏回族自治区,,17,1,0,0
2020-01-29,中国,安徽省,,200,45,2,0
2020-01-29,中国,山东省,,145,79,1,0
2020-01-29,中国,山西省,,35,0,1,0
2020-01-29,中国,广东省,,311,0,6,0
2020-01-29,中国,广西壮族自治区,,78,0,2,0
2020-01-29,中国,新疆维吾尔自治区,,14,0,0,0
2020-01-29,中国,江苏省,,129,0,1,0
2020-01-29,中国,江西省,,162,0,3,0
2020-01-29,中国,河北省,,65,68,0,1
2020-01-29,中国,河南省,,206,29,2,2
2020-01-29,中国,浙江省,,428,0,4,0
2020-01-29,中国,海南省,,46,0,1,1
2020-01-29,中国,湖北省,,4586,0,90,162
2020-01-29,中国,湖南省,,277,0,0,0
2020-01-29,中国,澳门特别行政区,,7,0,0,0
2020-01-29,中国,甘肃省,,26,0,0,0
2020-01-29,中国,福建省,,101,111,0,0
2020-01-29,中国,西藏自治区,,1,0,0,0
2020-01-29,中国,贵州省,,12,6,1,0
2020-01-29,中国,辽宁省,,41,0,1,0
2020-01-29,中国,重庆市,,165,0,1,0
2020-01-29,中国,陕西省,,63,116,0,0
2020-01-29,中国,青海省,,6,1,0,0
2020-01-29,中国,香港特别行政区,,10,0,0,0
2020-01-29,中国,黑龙江省,,43,105,0,1
2020-01-30,中国,上海市,,128,164,5,1
2020-01-30,中国,云南省,,80,236,0,0
2020-01-30,中国,内蒙古自治区,,20,1,0,0
2020-01-30,中国,北京市,,132,0,5,1
2020-01-30,中国,台湾省,,9,0,0,0
2020-01-30,中国,吉林省,,14,10,1,0
2020-01-30,中国,四川省,,177,0,1,1
2020-01-30,中国,天津市,,31,0,0,0
2020-01-30,中国,宁夏回族自治区,,21,1,0,0
2020-01-30,中国,安徽省,,237,70,3,0
2020-01-30,中国,山东省,,178,90,2,0
2020-01-30,中国,山西省,,39,0,1,0
2020-01-30,中国,广东省,,393,0,9,0
2020-01-30,中国,广西壮族自治区,,87,0,2,0
2020-01-30,中国,新疆维吾尔自治区,,17,0,0,0
2020-01-30,中国,江苏省,,168,0,2,0
2020-01-30,中国,江西省,,240,0,7,0
2020-01-30,中国,河北省,,82,78,0,1
2020-01-30,中国,河南省,,352,4,3,2
2020-01-30,中国,浙江省,,537,0,9,0
2020-01-30,中国,海南省,,49,0,1,1
2020-01-30,中国,湖北省,,5806,0,116,204
2020-01-30,中国,湖南省,,332,0,2,0
2020-01-30,中国,澳门特别行政区,,7,0,0,0
2020-01-30,中国,甘肃省,,29,0,0,0
2020-01-30,中国,福建省,,120,116,0,0
2020-01-30,中国,西藏自治区,,1,0,0,0
2020-01-30,中国,贵州省,,15,61,1,0
2020-01-30,中国,辽宁省,,45,0,1,0
2020-01-30,中国,重庆市,,206,0,1,0
2020-01-30,中国,陕西省,,87,132,0,0
2020-01-30,中国,青海省,,8,0,0,0
2020-01-30,中国,香港特别行政区,,12,0,0,0
2020-01-30,中国,黑龙江省,,59,128,0,2
2020-01-31,中国,上海市,,153,167,9,1
2020-01-31,中国,云南省,,91,228,1,0
2020-01-31,中国,内蒙古自治区,,23,5,1,0
2020-01-31,中国,北京市,,156,0,5,1
2020-01-31,中国,台湾省,,10,0,0,0
2020-01-31,中国,吉林省,,17,10,1,0
2020-01-31,中国,四川省,,207,0,3,1
2020-01-31,中国,天津市,,32,0,0,0
2020-01-31,中国,宁夏回族自治区,,26,1,0,0
2020-01-31,中国,安徽省,,297,0,3,0
2020-01-31,中国,山东省,,202,83,2,0
2020-01-31,中国,山西省,,47,75,1,0
2020-01-31,中国,广东省,,520,0,0,0
2020-01-31,中国,广西壮族自治区,,100,0,2,0
2020-01-31,中国,新疆维吾尔自治区,,18,0,0,0
2020-01-31,中国,江苏省,,202,0,5,0
2020-01-31,中国,江西省,,286,0,9,0
2020-01-31,中国,河北省,,96,88,0,1
2020-01-31,中国,河南省,,422,751,3,2
2020-01-31,中国,浙江省,,599,0,15,0
2020-01-31,中国,海南省,,57,0,1,1
2020-01-31,中国,湖北省,,7153,0,166,249
2020-01-31,中国,湖南省,,389,0,3,0
2020-01-31,中国,澳门特别行政区,,7,0,0,0
2020-01-31,中国,甘肃省,,35,0,0,0
2020-01-31,中国,福建省,,144,111,0,0
2020-01-31,中国,西藏自治区,,1,0,0,0
2020-01-31,中国,贵州省,,29,67,2,0
2020-01-31,中国,辽宁省,,60,0,1,0
2020-01-31,中国,重庆市,,238,0,1,1
2020-01-31,中国,陕西省,,101,158,0,0
2020-01-31,中国,青海省,,9,0,0,0
2020-01-31,中国,香港特别行政区,,13,0,0,0
2020-01-31,中国,黑龙江省,,80,149,0,2
2020-02-01,中国,上海市,,177,168,10,1
2020-02-01,中国,云南省,,99,261,2,0
2020-02-01,中国,内蒙古自治区,,27,7,1,0
2020-02-01,中国,北京市,,183,0,9,1
2020-02-01,中国,台湾省,,10,0,0,0
2020-02-01,中国,吉林省,,23,14,1,0
2020-02-01,中国,四川省,,231,0,3,1
2020-02-01,中国,天津市,,41,0,0,0
2020-02-01,中国,宁夏回族自治区,,28,8,0,0
2020-02-01,中国,安徽省,,340,0,5,0
2020-02-01,中国,山东省,,225,81,5,0
2020-02-01,中国,山西省,,56,64,1,0
2020-02-01,中国,广东省,,604,0,12,0
2020-02-01,中国,广西壮族自治区,,111,0,2,0
2020-02-01,中国,新疆维吾尔自治区,,21,0,0,0
2020-02-01,中国,江苏省,,236,0,6,0
2020-02-01,中国,江西省,,333,0,10,0
2020-02-01,中国,河北省,,104,104,3,1
2020-02-01,中国,河南省,,493,754,4,2
2020-02-01,中国,浙江省,,661,0,23,0
2020-02-01,中国,海南省,,63,0,1,1
2020-02-01,中国,湖北省,,9074,0,215,294
2020-02-01,中国,湖南省,,463,0,8,0
2020-02-01,中国,澳门特别行政区,,7,0,0,0
2020-02-01,中国,甘肃省,,40,0,0,0
2020-02-01,中国,福建省,,159,99,0,0
2020-02-01,中国,西藏自治区,,1,0,0,0
2020-02-01,中国,贵州省,,38,65,2,0
2020-02-01,中国,辽宁省,,64,0,1,0
2020-02-01,中国,重庆市,,262,0,3,1
2020-02-01,中国,陕西省,,116,201,0,0
2020-02-01,中国,青海省,,9,0,0,0
2020-02-01,中国,香港特别行政区,,14,0,0,0
2020-02-01,中国,黑龙江省,,95,172,0,2
2020-02-02,中国,上海市,,193,173,10,1
2020-02-02,中国,云南省,,109,252,3,0
2020-02-02,中国,内蒙古自治区,,34,3,1,0
2020-02-02,中国,北京市,,212,0,12,1
2020-02-02,中国,台湾省,,10,0,0,0
2020-02-02,中国,吉林省,,31,17,1,0
2020-02-02,中国,四川省,,254,0,12,1
2020-02-02,中国,天津市,,48,0,1,0
2020-02-02,中国,宁夏回族自治区,,31,12,0,0
2020-02-02,中国,安徽省,,408,0,7,0
2020-02-02,中国,山东省,,246,62,6,0
2020-02-02,中国,山西省,,66,64,2,0
2020-02-02,中国,广东省,,683,0,14,0
2020-02-02,中国,广西壮族自治区,,127,0,2,0
2020-02-02,中国,新疆维吾尔自治区,,24,0,0,0
2020-02-02,中国,江苏省,,271,0,7,0
2020-02-02,中国,江西省,,391,0,18,0
2020-02-02,中国,河北省,,113,108,3,1
2020-02-02,中国,河南省,,566,26,14,2
2020-02-02,中国,浙江省,,724,0,36,0
2020-02-02,中国,海南省,,70,0,4,1
2020-02-02,中国,湖北省,,11177,0,295,350
2020-02-02,中国,湖南省,,521,0,16,0
2020-02-02,中国,澳门特别行政区,,8,0,0,0
2020-02-02,中国,甘肃省,,51,0,3,0
2020-02-02,中国,福建省,,179,96,0,0
2020-02-02,中国,西藏自治区,,1,0,0,0
2020-02-02,中国,贵州省,,46,46,2,0
2020-02-02,中国,辽宁省,,70,0,1,0
2020-02-02,中国,重庆市,,300,0,7,2
2020-02-02,中国,陕西省,,128,205,0,0
2020-02-02,中国,青海省,,13,0,0,0
2020-02-02,中国,香港特别行政区,,15,0,0,0
2020-02-02,中国,黑龙江省,,118,163,2,2
2020-02-03,中国,上海市,,208,168,10,1
2020-02-03,中国,云南省,,117,225,5,0
2020-02-03,中国,内蒙古自治区,,35,3,1,0
2020-02-03,中国,北京市,,228,0,23,1
2020-02-03,中国,台湾省,,10,0,0,0
2020-02-03,中国,吉林省,,42,24,1,0
2020-02-03,中国,四川省,,282,0,14,1
2020-02-03,中国,天津市,,60,0,1,0
2020-02-03,中国,宁夏回族自治区,,34,18,0,0
2020-02-03,中国,安徽省,,480,0,14,0
2020-02-03,中国,山东省,,270,70,7,0
2020-02-03,中国,山西省,,74,62,2,0
2020-02-03,中国,广东省,,797,180,20,0
2020-02-03,中国,广西壮族自治区,,139,0,7,0
2020-02-03,中国,新疆维吾尔自治区,,29,0,0,0
2020-02-03,中国,江苏省,,308,0,8,0
2020-02-03,中国,江西省,,476,0,19,0
2020-02-03,中国,河北省,,126,93,3,1
2020-02-03,中国,河南省,,675,44,20,2
2020-02-03,中国,浙江省,,829,0,48,0
2020-02-03,中国,海南省,,79,0,4,1
2020-02-03,中国,湖北省,,13522,0,396,414
2020-02-03,中国,湖南省,,593,0,22,0
2020-02-03,中国,澳门特别行政区,,8,0,0,0
2020-02-03,中国,甘肃省,,55,9,3,0
2020-02-03,中国,福建省,,194,87,1,0
2020-02-03,中国,西藏自治区,,1,0,0,0
2020-02-03,中国,贵州省,,56,26,2,0
2020-02-03,中国,辽宁省,,74,0,1,0
2020-02-03,中国,重庆市,,337,0,9,2
2020-02-03,中国,陕西省,,142,221,1,0
2020-02-03,中国,青海省,,15,0,0,0
2020-02-03,中国,香港特别行政区,,15,0,0,0
2020-02-03,中国,黑龙江省,,155,178,2,2
2020-02-04,中国,上海市,,233,194,12,1
2020-02-04,中国,云南省,,122,172,5,0
2020-02-04,中国,内蒙古自治区,,42,3,1,0
2020-02-04,中国,北京市,,253,0,24,1
2020-02-04,中国,台湾省,,11,0,0,0
2020-02-04,中国,吉林省,,54,58,1,0
2020-02-04,中国,四川省,,301,0,23,1
2020-02-04,中国,天津市,,67,0,2,0
2020-02-04,中国,宁夏回族自治区,,34,24,0,0
2020-02-04,中国,安徽省,,530,0,20,0
2020-02-04,中国,山东省,,298,94,13,0
2020-02-04,中国,山西省,,81,42,4,0
2020-02-04,中国,广东省,,870,136,32,0
2020-02-04,中国,广西壮族自治区,,150,0,10,0
2020-02-04,中国,新疆维吾尔自治区,,32,0,0,0
2020-02-04,中国,江苏省,,341,0,13,0
2020-02-04,中国,江西省,,548,0,27,0
2020-02-04,中国,河北省,,135,117,4,1
2020-02-04,中国,河南省,,764,52,41,2
2020-02-04,中国,浙江省,,895,0,63,0
2020-02-04,中国,海南省,,89,0,4,1
2020-02-04,中国,湖北省,,16678,0,520,479
2020-02-04,中国,湖南省,,661,0,35,0
2020-02-04,中国,澳门特别行政区,,10,0,0,0
2020-02-04,中国,甘肃省,,57,17,4,0
2020-02-04,中国,福建省,,205,91,7,0
2020-02-04,中国,西藏自治区,,1,0,0,0
2020-02-04,中国,贵州省,,64,33,5,0
2020-02-04,中国,辽宁省,,81,0,2,0
2020-02-04,中国,重庆市,,366,0,14,2
2020-02-04,中国,陕西省,,165,215,2,0
2020-02-04,中国,青海省,,17,0,0,0
2020-02-04,中国,香港特别行政区,,18,0,0,1
2020-02-04,中国,黑龙江省,,190,184,4,2
2020-02-05,中国,上海市,,254,196,15,1
2020-02-05,中国,云南省,,128,149,5,0
2020-02-05,中国,内蒙古自治区,,46,7,4,0
2020-02-05,中国,北京市,,274,0,31,1
2020-02-05,中国,台湾省,,11,0,0,0
2020-02-05,中国,吉林省,,59,69,2,0
2020-02-05,中国,四川省,,321,0,27,1
2020-02-05,中国,天津市,,69,0,2,1
2020-02-05,中国,宁夏回族自治区,,40,39,1,0
2020-02-05,中国,安徽省,,591,0,23,0
2020-02-05,中国,山东省,,343,85,18,0
2020-02-05,中国,山西省,,90,42,6,0
2020-02-05,中国,广东省,,944,148,49,0
2020-02-05,中国,广西壮族自治区,,168,391,14,0
2020-02-05,中国,新疆维吾尔自治区,,36,0,0,0
2020-02-05,中国,江苏省,,373,0,26,0
2020-02-05,中国,江西省,,600,0,37,0
2020-02-05,中国,河北省,,157,133,7,1
2020-02-05,中国,河南省,,851,45,54,2
2020-02-05,中国,浙江省,,954,0,81,0
2020-02-05,中国,海南省,,100,0,5,1
2020-02-05,中国,湖北省,,19665,0,633,549
2020-02-05,中国,湖南省,,711,0,56,0
2020-02-05,中国,澳门特别行政区,,10,0,0,0
2020-02-05,中国,甘肃省,,62,14,6,0
2020-02-05,中国,福建省,,215,78,11,0
2020-02-05,中国,西藏自治区,,1,0,0,0
2020-02-05,中国,贵州省,,69,37,6,0
2020-02-05,中国,辽宁省,,89,0,4,0
2020-02-05,中国,重庆市,,389,0,15,2
2020-02-05,中国,陕西省,,173,238,6,0
2020-02-05,中国,青海省,,18,0,3,0
2020-02-05,中国,香港特别行政区,,21,0,0,1
2020-02-05,中国,黑龙江省,,227,222,7,3
2020-02-06,中国,上海市,,269,166,25,1
2020-02-06,中国,云南省,,135,123,7,0
2020-02-06,中国,内蒙古自治区,,50,9,0,0
2020-02-06,中国,北京市,,297,157,33,1
2020-02-06,中国,台湾省,,16,0,0,1
2020-02-06,中国,吉林省,,65,71,4,1
2020-02-06,中国,四川省,,344,0,37,1
2020-02-06,中国,天津市,,79,0,2,0
2020-02-06,中国,宁夏回族自治区,,43,39,1,0
2020-02-06,中国,安徽省,,665,0,34,0
2020-02-06,中国,山东省,,379,96,31,0
2020-02-06,中国,山西省,,96,54,12,0
2020-02-06,中国,广东省,,1018,170,68,0
2020-02-06,中国,广西壮族自治区,,172,0,17,0
2020-02-06,中国,新疆维吾尔自治区,,39,0,0,0
2020-02-06,中国,江苏省,,408,0,38,0
2020-02-06,中国,江西省,,661,0,45,0
2020-02-06,中国,河北省,,171,117,16,1
2020-02-06,中国,河南省,,914,66,68,3
2020-02-06,中国,浙江省,,1006,0,98,0
2020-02-06,中国,海南省,,111,0,8,2
2020-02-06,中国,湖北省,,22112,0,817,618
2020-02-06,中国,湖南省,,772,0,91,0
2020-02-06,中国,澳门特别行政区,,10,0,0,1
2020-02-06,中国,甘肃省,,67,21,9,0
2020-02-06,中国,福建省,,224,94,15,0
2020-02-06,中国,西藏自治区,,1,0,0,0
2020-02-06,中国,贵州省,,77,54,6,0
2020-02-06,中国,辽宁省,,95,0,6,0
2020-02-06,中国,重庆市,,411,0,24,2
2020-02-06,中国,陕西省,,184,260,11,0
2020-02-06,中国,青海省,,18,0,3,0
2020-02-06,中国,香港特别行政区,,24,0,0,1
2020-02-06,中国,黑龙江省,,277,210,8,3
2020-02-21,中国,上海市,,334,0,211,3
2020-02-21,中国,云南省,,174,0,96,2
2020-02-21,中国,内蒙古自治区,,75,0,22,0
2020-02-21,中国,北京市,,399,0,178,4
2020-02-21,中国,台湾省,,26,0,2,1
2020-02-21,中国,吉林省,,91,0,46,1
2020-02-21,中国,四川省,,526,0,242,3
2020-02-21,中国,天津市,,133,0,62,3
2020-02-21,中国,宁夏回族自治区,,71,0,48,0
2020-02-21,中国,安徽省,,989,0,566,6
2020-02-21,中国,山东省,,750,0,293,4
2020-02-21,中国,山西省,,132,0,78,0
2020-02-21,中国,广东省,,1339,0,720,5
2020-02-21,中国,广西壮族自治区,,249,0,99,2
2020-02-21,中国,新疆维吾尔自治区,,76,0,24,2
2020-02-21,中国,江苏省,,631,0,387,0
2020-02-21,中国,江西省,,934,0,544,1
2020-02-21,中国,河北省,,309,0,184,6
2020-02-21,中国,河南省,,1270,0,802,19
2020-02-21,中国,浙江省,,1205,0,694,1
2020-02-21,中国,海南省,,168,0,96,4
2020-02-21,中国,湖北省,,63454,0,13557,2250
2020-02-21,中国,湖南省,,1013,0,670,4
2020-02-21,中国,澳门特别行政区,,10,0,6,0
2020-02-21,中国,甘肃省,,91,0,76,2
2020-02-21,中国,福建省,,293,0,150,1
2020-02-21,中国,西藏自治区,,1,0,1,0
2020-02-21,中国,贵州省,,146,0,90,2
2020-02-21,中国,辽宁省,,121,0,66,1
2020-02-21,中国,重庆市,,572,0,316,6
2020-02-21,中国,陕西省,,245,0,117,1
2020-02-21,中国,青海省,,18,0,18,0
2020-02-21,中国,香港特别行政区,,68,0,6,2
2020-02-21,中国,黑龙江省,,479,0,183,12
2020-02-22,中国,上海市,,335,0,227,3
2020-02-22,中国,云南省,,174,0,107,2
2020-02-22,中国,内蒙古自治区,,75,0,26,0
2020-02-22,中国,北京市,,399,0,189,4
2020-02-22,中国,台湾省,,26,0,2,1
2020-02-22,中国,吉林省,,91,0,52,1
2020-02-22,中国,四川省,,526,0,256,3
2020-02-22,中国,天津市,,135,0,65,3
2020-02-22,中国,宁夏回族自治区,,71,0,48,0
2020-02-22,中国,安徽省,,989,0,620,6
2020-02-22,中国,山东省,,754,0,311,4
2020-02-22,中国,山西省,,132,0,81,0
2020-02-22,中国,广东省,,1342,0,740,6
2020-02-22,中国,广西壮族自治区,,249,0,104,2
2020-02-22,中国,新疆维吾尔自治区,,76,0,25,2
2020-02-22,中国,江苏省,,631,0,411,0
2020-02-22,中国,江西省,,934,0,611,1
2020-02-22,中国,河北省,,311,0,204,6
2020-02-22,中国,河南省,,1271,0,861,19
2020-02-22,中国,浙江省,,1205,0,729,1
2020-02-22,中国,海南省,,168,0,104,4
2020-02-22,中国,湖北省,,63889,0,15299,2346
2020-02-22,中国,湖南省,,1016,0,704,4
2020-02-22,中国,澳门特别行政区,,10,0,6,0
2020-02-22,中国,甘肃省,,91,0,76,2
2020-02-22,中国,福建省,,293,0,165,1
2020-02-22,中国,西藏自治区,,1,0,1,0
2020-02-22,中国,贵州省,,146,0,91,2
2020-02-22,中国,辽宁省,,121,0,68,1
2020-02-22,中国,重庆市,,573,0,328,6
2020-02-22,中国,陕西省,,245,0,140,1
2020-02-22,中国,青海省,,18,0,18,0
2020-02-22,中国,香港特别行政区,,69,0,11,2
2020-02-22,中国,黑龙江省,,480,0,215,12
2020-02-23,中国,上海市,,335,0,249,3
2020-02-23,中国,云南省,,174,0,115,2
2020-02-23,中国,内蒙古自治区,,75,0,30,0
2020-02-23,中国,北京市,,399,0,198,4
2020-02-23,中国,台湾省,,28,0,5,1
2020-02-23,中国,吉林省,,93,0,54,1
2020-02-23,中国,四川省,,527,0,263,3
2020-02-23,中国,天津市,,135,0,81,3
2020-02-23,中国,宁夏回族自治区,,71,0,57,0
2020-02-23,中国,安徽省,,989,0,648,6
2020-02-23,中国,山东省,,755,0,325,4
2020-02-23,中国,山西省,,132,0,88,0
2020-02-23,中国,广东省,,1345,0,772,6
2020-02-23,中国,广西壮族自治区,,251,0,107,2
2020-02-23,中国,新疆维吾尔自治区,,76,0,28,2
2020-02-23,中国,江苏省,,631,0,427,0
2020-02-23,中国,江西省,,934,0,645,1
2020-02-23,中国,河北省,,311,0,221,6
2020-02-23,中国,河南省,,1271,0,930,19
2020-02-23,中国,浙江省,,1205,0,765,1
2020-02-23,中国,海南省,,168,0,106,5
2020-02-23,中国,湖北省,,64287,0,16738,2495
2020-02-23,中国,湖南省,,1016,0,721,4
2020-02-23,中国,澳门特别行政区,,10,0,6,0
2020-02-23,中国,甘肃省,,91,0,78,2
2020-02-23,中国,福建省,,293,0,174,1
2020-02-23,中国,西藏自治区,,1,0,1,0
2020-02-23,中国,贵州省,,146,0,102,2
2020-02-23,中国,辽宁省,,121,0,73,1
2020-02-23,中国,重庆市,,575,0,335,6
2020-02-23,中国,陕西省,,245,0,153,1
2020-02-23,中国,青海省,,18,0,18,0
2020-02-23,中国,香港特别行政区,,74,0,12,2
2020-02-23,中国,黑龙江省,,480,0,224,12
2020-02-24,中国,上海市,,335,0,261,3
2020-02-24,中国,云南省,,174,0,124,2
2020-02-24,中国,内蒙古自治区,,75,0,34,0
2020-02-24,中国,北京市,,400,0,215,4
2020-02-24,中国,台湾省,,30,0,5,1
2020-02-24,中国,吉林省,,93,0,60,1
2020-02-24,中国,四川省,,529,0,278,3
2020-02-24,中国,天津市,,135,0,87,3
2020-02-24,中国,宁夏回族自治区,,71,0,58,0
2020-02-24,中国,安徽省,,989,0,692,6
2020-02-24,中国,山东省,,755,0,343,6
2020-02-24,中国,山西省,,133,0,94,0
2020-02-24,中国,广东省,,1347,0,805,7
2020-02-24,中国,广西壮族自治区,,252,0,129,2
2020-02-24,中国,新疆维吾尔自治区,,76,0,30,2
2020-02-24,中国,江苏省,,631,0,458,0
2020-02-24,中国,江西省,,934,0,682,1
2020-02-24,中国,河北省,,311,0,241,6
2020-02-24,中国,河南省,,1271,0,989,19
2020-02-24,中国,浙江省,,1205,0,794,1
2020-02-24,中国,海南省,,168,0,116,5
2020-02-24,中国,湖北省,,64786,0,18854,2563
2020-02-24,中国,湖南省,,1016,0,751,4
2020-02-24,中国,澳门特别行政区,,10,0,6,0
2020-02-24,中国,甘肃省,,91,0,80,2
2020-02-24,中国,福建省,,294,0,188,1
2020-02-24,中国,西藏自治区,,1,0,1,0
2020-02-24,中国,贵州省,,146,0,103,2
2020-02-24,中国,辽宁省,,121,0,83,1
2020-02-24,中国,重庆市,,576,0,349,6
2020-02-24,中国,陕西省,,245,0,175,1
2020-02-24,中国,青海省,,18,0,18,0
2020-02-24,中国,香港特别行政区,,81,0,18,2
2020-02-24,中国,黑龙江省,,480,0,232,12
2020-02-25,中国,上海市,,336,0,268,3
2020-02-25,中国,云南省,,174,0,129,2
2020-02-25,中国,内蒙古自治区,,75,0,35,0
2020-02-25,中国,北京市,,400,0,235,4
2020-02-25,中国,台湾省,,31,0,5,1
2020-02-25,中国,吉林省,,93,0,63,1
2020-02-25,中国,四川省,,531,0,292,3
2020-02-25,中国,天津市,,135,0,91,3
2020-02-25,中国,宁夏回族自治区,,71,0,61,0
2020-02-25,中国,安徽省,,989,0,727,6
2020-02-25,中国,山东省,,756,0,357,6
2020-02-25,中国,山西省,,133,0,98,0
2020-02-25,中国,广东省,,1347,0,841,7
2020-02-25,中国,广西壮族自治区,,252,0,138,2
2020-02-25,中国,新疆维吾尔自治区,,76,0,30,2
2020-02-25,中国,江苏省,,631,0,463,0
2020-02-25,中国,江西省,,934,0,719,1
2020-02-25,中国,河北省,,312,0,248,6
2020-02-25,中国,河南省,,1271,0,1023,19
2020-02-25,中国,浙江省,,1205,0,814,1
2020-02-25,中国,海南省,,168,0,124,5
2020-02-25,中国,湖北省,,65187,0,20912,2615
2020-02-25,中国,湖南省,,1016,0,779,4
2020-02-25,中国,澳门特别行政区,,10,0,7,0
2020-02-25,中国,甘肃省,,91,0,80,2
2020-02-25,中国,福建省,,294,0,205,1
2020-02-25,中国,西藏自治区,,1,0,1,0
2020-02-25,中国,贵州省,,146,0,104,2
2020-02-25,中国,辽宁省,,121,0,88,1
2020-02-25,中国,重庆市,,576,0,372,6
2020-02-25,中国,陕西省,,245,0,186,1
2020-02-25,中国,青海省,,18,0,18,0
2020-02-25,中国,香港特别行政区,,85,0,18,2
2020-02-25,中国,黑龙江省,,480,0,245,12
2020-02-26,中国,上海市,,337,0,272,3
2020-02-26,中国,云南省,,174,0,144,2
2020-02-26,中国,内蒙古自治区,,75,0,38,0
2020-02-26,中国,北京市,,410,0,248,5
2020-02-26,中国,台湾省,,32,0,5,1
2020-02-26,中国,吉林省,,93,0,65,1
2020-02-26,中国,四川省,,534,0,310,3
2020-02-26,中国,天津市,,135,0,96,3
2020-02-26,中国,宁夏回族自治区,,72,0,65,0
2020-02-26,中国,安徽省,,989,0,764,6
2020-02-26,中国,山东省,,756,0,381,6
2020-02-26,中国,山西省,,133,0,104,0
2020-02-26,中国,广东省,,1347,0,873,7
2020-02-26,中国,广西壮族自治区,,252,0,159,2
2020-02-26,中国,新疆维吾尔自治区,,76,0,34,2
2020-02-26,中国,江苏省,,631,0,494,0
2020-02-26,中国,江西省,,934,0,754,1
2020-02-26,中国,河北省,,317,0,261,6
2020-02-26,中国,河南省,,1272,0,1062,20
2020-02-26,中国,浙江省,,1205,0,881,1
2020-02-26,中国,海南省,,168,0,129,5
2020-02-26,中国,湖北省,,65596,0,23200,2641
2020-02-26,中国,湖南省,,1017,0,793,4
2020-02-26,中国,澳门特别行政区,,10,0,7,0
2020-02-26,中国,甘肃省,,91,0,81,2
2020-02-26,中国,福建省,,296,0,225,1
2020-02-26,中国,西藏自治区,,1,0,1,0
2020-02-26,中国,贵州省,,146,0,112,2
2020-02-26,中国,辽宁省,,121,0,92,1
2020-02-26,中国,重庆市,,576,0,384,6
2020-02-26,中国,陕西省,,245,0,194,1
2020-02-26,中国,青海省,,18,0,18,0
2020-02-26,中国,香港特别行政区,,91,0,24,2
2020-02-26,中国,黑龙江省,,480,0,262,13
2020-02-27,中国,上海市,,337,0,276,3
2020-02-27,中国,云南省,,174,0,150,2
2020-02-27,中国,内蒙古自治区,,75,0,43,0
2020-02-27,中国,北京市,,410,0,257,7
2020-02-27,中国,台湾省,,32,0,6,1
2020-02-27,中国,吉林省,,93,0,68,1
2020-02-27,中国,四川省,,538,0,326,3
2020-02-27,中国,天津市,,136,0,102,3
2020-02-27,中国,宁夏回族自治区,,72,0,68,0
2020-02-27,中国,安徽省,,990,0,814,6
2020-02-27,中国,山东省,,756,0,390,6
2020-02-27,中国,山西省,,133,0,107,0
2020-02-27,中国,广东省,,1348,0,919,7
2020-02-27,中国,广西壮族自治区,,252,0,166,2
2020-02-27,中国,新疆维吾尔自治区,,76,0,43,3
2020-02-27,中国,江苏省,,631,0,506,0
2020-02-27,中国,江西省,,935,0,790,1
2020-02-27,中国,河北省,,318,0,274,6
2020-02-27,中国,河南省,,1272,0,1103,20
2020-02-27,中国,浙江省,,1205,0,943,1
2020-02-27,中国,海南省,,168,0,132,5
2020-02-27,中国,湖北省,,65914,0,26403,2682
2020-02-27,中国,湖南省,,1017,0,820,4
2020-02-27,中国,澳门特别行政区,,10,0,8,0
2020-02-27,中国,甘肃省,,91,0,82,2
2020-02-27,中国,福建省,,296,0,232,1
2020-02-27,中国,西藏自治区,,1,0,1,0
2020-02-27,中国,贵州省,,146,0,112,2
2020-02-27,中国,辽宁省,,121,0,93,1
2020-02-27,中国,重庆市,,576,0,401,6
2020-02-27,中国,陕西省,,245,0,197,1
2020-02-27,中国,青海省,,18,0,18,0
2020-02-27,中国,香港特别行政区,,93,0,26,2
2020-02-27,中国,黑龙江省,,480,0,280,13
2020-02-28,中国,北京市,,411,0,271,8
2020-02-28,中国,天津市,,136,0,105,3
2020-02-28,中国,河北省,,318,0,277,6
2020-02-28,中国,山西省,,133,0,112,0
2020-02-28,中国,内蒙古自治区,,75,0,46,0
2020-02-28,中国,辽宁省,,121,0,95,1
2020-02-28,中国,吉林省,,93,0,73,1
2020-02-28,中国,黑龙江省,,480,0,295,13
2020-02-28,中国,上海市,,337,0,279,3
2020-02-28,中国,江苏省,,631,0,519,0
2020-02-28,中国,浙江省,,1205,0,987,1
2020-02-28,中国,安徽省,,990,0,842,6
2020-02-28,中国,福建省,,296,0,241,1
2020-02-28,中国,江西省,,935,0,811,1
2020-02-28,中国,山东省,,756,0,411,6
2020-02-28,中国,河南省,,1272,0,1161,21
2020-02-28,中国,湖北省,,66337,0,28895,2727
2020-02-28,中国,湖南省,,1018,0,841,4
2020-02-28,中国,广东省,,1349,0,972,7
2020-02-28,中国,广西壮族自治区,,252,0,172,2
2020-02-28,中国,海南省,,168,0,136,5
2020-02-28,中国,重庆市,,576,0,422,6
2020-02-28,中国,四川省,,538,0,350,3
2020-02-28,中国,贵州省,,146,0,112,2
2020-02-28,中国,云南省,,174,0,156,2
2020-02-28,中国,西藏自治区,,1,0,1,0
2020-02-28,中国,陕西省,,245,0,200,1
2020-02-28,中国,甘肃省,,91,0,82,2
2020-02-28,中国,青海省,,18,0,18,0
2020-02-28,中国,宁夏回族自治区,,73,0,68,0
2020-02-28,中国,新疆维吾尔自治区,,76,0,52,3
2020-02-28,中国,台湾省,,34,0,9,1
2020-02-28,中国,香港特别行政区,,94,0,30,2
2020-02-28,中国,澳门特别行政区,,10,0,8,0
2020-02-29,中国,北京市,,413,0,276,8
2020-02-29,中国,天津市,,136,0,109,3
2020-02-29,中国,河北省,,318,0,283,6
2020-02-29,中国,山西省,,133,0,114,0
2020-02-29,中国,内蒙古自治区,,75,0,51,0
2020-02-29,中国,辽宁省,,122,0,101,1
2020-02-29,中国,吉林省,,93,0,75,1
2020-02-29,中国,黑龙江省,,480,0,330,13
2020-02-29,中国,上海市,,337,0,287,3
2020-02-29,中国,江苏省,,631,0,529,0
2020-02-29,中国,浙江省,,1205,0,1027,1
2020-02-29,中国,安徽省,,990,0,868,6
2020-02-29,中国,福建省,,296,0,243,1
2020-02-29,中国,江西省,,935,0,831,1
2020-02-29,中国,山东省,,756,0,431,6
2020-02-29,中国,河南省,,1272,0,1185,22
2020-02-29,中国,湖北省,,66907,0,31187,2761
2020-02-29,中国,湖南省,,1018,0,853,4
2020-02-29,中国,广东省,,1349,0,1009,7
2020-02-29,中国,广西壮族自治区,,252,0,179,2
2020-02-29,中国,海南省,,168,0,148,5
2020-02-29,中国,重庆市,,576,0,438,6
2020-02-29,中国,四川省,,538,0,363,3
2020-02-29,中国,贵州省,,146,0,112,2
2020-02-29,中国,云南省,,174,0,157,2
2020-02-29,中国,西藏自治区,,1,0,1,0
2020-02-29,中国,陕西省,,245,0,207,1
2020-02-29,中国,甘肃省,,91,0,82,2
2020-02-29,中国,青海省,,18,0,18,0
2020-02-29,中国,宁夏回族自治区,,73,0,69,0
2020-02-29,中国,新疆维吾尔自治区,,76,0,62,3
2020-02-29,中国,台湾省,,39,0,9,1
2020-02-29,中国,香港特别行政区,,95,0,33,2
2020-02-29,中国,澳门特别行政区,,10,0,8,0
2020-03-01,中国,北京市,,413,0,276,8
2020-03-01,中国,天津市,,136,0,111,3
2020-03-01,中国,河北省,,318,0,294,6
2020-03-01,中国,山西省,,133,0,116,0
2020-03-01,中国,内蒙古自治区,,75,0,51,0
2020-03-01,中国,辽宁省,,122,0,103,1
2020-03-01,中国,吉林省,,93,0,78,1
2020-03-01,中国,黑龙江省,,480,0,350,13
2020-03-01,中国,上海市,,337,0,290,3
2020-03-01,中国,江苏省,,631,0,536,0
2020-03-01,中国,浙江省,,1205,0,1046,1
2020-03-01,中国,安徽省,,990,0,888,6
2020-03-01,中国,福建省,,296,0,247,1
2020-03-01,中国,江西省,,935,0,831,1
2020-03-01,中国,山东省,,758,0,455,6
2020-03-01,中国,河南省,,1272,0,1205,22
2020-03-01,中国,湖北省,,67103,0,33757,2803
2020-03-01,中国,湖南省,,1018,0,876,4
2020-03-01,中国,广东省,,1350,0,1034,7
2020-03-01,中国,广西壮族自治区,,252,0,188,2
2020-03-01,中国,海南省,,168,0,148,5
2020-03-01,中国,重庆市,,576,0,450,6
2020-03-01,中国,四川省,,538,0,378,3
2020-03-01,中国,贵州省,,146,0,114,2
2020-03-01,中国,云南省,,174,0,163,2
2020-03-01,中国,西藏自治区,,1,0,1,0
2020-03-01,中国,陕西省,,245,0,209,1
2020-03-01,中国,甘肃省,,91,0,84,2
2020-03-01,中国,青海省,,18,0,18,0
2020-03-01,中国,宁夏回族自治区,,73,0,69,0
2020-03-01,中国,新疆维吾尔自治区,,76,0,64,3
2020-03-01,中国,台湾省,,40,0,12,1
2020-03-01,中国,香港特别行政区,,96,0,36,2
2020-03-01,中国,澳门特别行政区,,10,0,8,0
2020-02-07,中国,上海市,,281,0,30,1
2020-02-07,中国,云南省,,138,0,12,0
2020-02-07,中国,内蒙古自治区,,52,0,5,0
2020-02-07,中国,北京市,,315,0,34,2
2020-02-07,中国,台湾省,,16,0,1,0
2020-02-07,中国,吉林省,,69,0,4,1
2020-02-07,中国,四川省,,363,0,50,1
2020-02-07,中国,天津市,,81,0,2,1
2020-02-07,中国,宁夏回族自治区,,44,0,5,0
2020-02-07,中国,安徽省,,733,0,47,0
2020-02-07,中国,山东省,,407,0,38,0
2020-02-07,中国,山西省,,104,0,15,0
2020-02-07,中国,广东省,,1075,0,97,1
2020-02-07,中国,广西壮族自治区,,183,0,17,0
2020-02-07,中国,新疆维吾尔自治区,,42,0,0,0
2020-02-07,中国,江苏省,,439,0,43,0
2020-02-07,中国,江西省,,698,0,55,0
2020-02-07,中国,河北省,,195,0,25,1
2020-02-07,中国,河南省,,980,0,97,4
2020-02-07,中国,浙江省,,1048,0,127,0
2020-02-07,中国,海南省,,122,0,11,2
2020-02-07,中国,湖北省,,24953,0,1115,699
2020-02-07,中国,湖南省,,803,0,119,0
2020-02-07,中国,澳门特别行政区,,10,0,1,0
2020-02-07,中国,甘肃省,,71,0,9,1
2020-02-07,中国,福建省,,239,0,20,0
2020-02-07,中国,西藏自治区,,1,0,0,0
2020-02-07,中国,贵州省,,89,0,6,1
2020-02-07,中国,辽宁省,,99,0,7,0
2020-02-07,中国,重庆市,,426,0,31,2
2020-02-07,中国,陕西省,,184,0,9,0
2020-02-07,中国,青海省,,18,0,3,0
2020-02-07,中国,香港特别行政区,,26,0,0,1
2020-02-07,中国,黑龙江省,,281,0,12,5
2020-02-08,中国,上海市,,292,0,41,1
2020-02-08,中国,云南省,,140,0,17,0
2020-02-08,中国,内蒙古自治区,,54,0,5,0
2020-02-08,中国,北京市,,326,0,37,2
2020-02-08,中国,台湾省,,17,0,1,0
2020-02-08,中国,吉林省,,78,0,5,1
2020-02-08,中国,四川省,,386,0,60,1
2020-02-08,中国,天津市,,88,0,4,1
2020-02-08,中国,宁夏回族自治区,,45,0,13,0
2020-02-08,中国,安徽省,,779,0,59,1
2020-02-08,中国,山东省,,435,0,50,1
2020-02-08,中国,山西省,,115,0,21,0
2020-02-08,中国,广东省,,1120,0,125,1
2020-02-08,中国,广西壮族自治区,,195,0,18,1
2020-02-08,中国,新疆维吾尔自治区,,45,0,0,0
2020-02-08,中国,江苏省,,468,0,51,0
2020-02-08,中国,江西省,,739,0,72,0
2020-02-08,中国,河北省,,206,0,30,2
2020-02-08,中国,河南省,,1033,0,131,6
2020-02-08,中国,浙江省,,1063,0,173,0
2020-02-08,中国,海南省,,128,0,15,2
2020-02-08,中国,湖北省,,27013,0,1439,780
2020-02-08,中国,湖南省,,838,0,159,1
2020-02-08,中国,澳门特别行政区,,10,0,1,0
2020-02-08,中国,甘肃省,,79,0,12,1
2020-02-08,中国,福建省,,250,0,24,0
2020-02-08,中国,西藏自治区,,1,0,0,0
2020-02-08,中国,贵州省,,96,0,7,1
2020-02-08,中国,辽宁省,,106,0,12,0
2020-02-08,中国,重庆市,,446,0,39,2
2020-02-08,中国,陕西省,,195,0,17,0
2020-02-08,中国,青海省,,18,0,3,0
2020-02-08,中国,香港特别行政区,,26,0,0,1
2020-02-08,中国,黑龙江省,,307,0,13,6
2020-02-09,中国,上海市,,295,0,44,1
2020-02-09,中国,云南省,,141,0,18,0
2020-02-09,中国,内蒙古自治区,,58,0,5,0
2020-02-09,中国,北京市,,337,0,44,2
2020-02-09,中国,台湾省,,18,0,1,0
2020-02-09,中国,吉林省,,80,0,12,1
2020-02-09,中国,四川省,,405,0,76,1
2020-02-09,中国,天津市,,91,0,4,1
2020-02-09,中国,宁夏回族自治区,,49,0,13,0
2020-02-09,中国,安徽省,,830,0,73,3
2020-02-09,中国,山东省,,459,0,63,1
2020-02-09,中国,山西省,,119,0,25,0
2020-02-09,中国,广东省,,1151,0,143,1
2020-02-09,中国,广西壮族自治区,,210,0,18,1
2020-02-09,中国,新疆维吾尔自治区,,49,0,0,0
2020-02-09,中国,江苏省,,492,0,72,0
2020-02-09,中国,江西省,,772,0,102,1
2020-02-09,中国,河北省,,218,0,35,2
2020-02-09,中国,河南省,,1073,0,169,6
2020-02-09,中国,浙江省,,1092,0,200,0
2020-02-09,中国,海南省,,136,0,19,3
2020-02-09,中国,湖北省,,29631,0,1795,871
2020-02-09,中国,湖南省,,879,0,186,1
2020-02-09,中国,澳门特别行政区,,10,0,1,0
2020-02-09,中国,甘肃省,,83,0,16,2
2020-02-09,中国,福建省,,261,0,35,0
2020-02-09,中国,西藏自治区,,1,0,0,0
2020-02-09,中国,贵州省,,109,0,7,1
2020-02-09,中国,辽宁省,,108,0,12,0
2020-02-09,中国,重庆市,,468,0,51,2
2020-02-09,中国,陕西省,,208,0,20,0
2020-02-09,中国,青海省,,18,0,3,0
2020-02-09,中国,香港特别行政区,,36,0,0,1
2020-02-09,中国,黑龙江省,,331,0,15,7
2020-02-10,中国,上海市,,302,0,48,1
2020-02-10,中国,云南省,,149,0,19,0
2020-02-10,中国,内蒙古自治区,,58,0,5,0
2020-02-10,中国,北京市,,342,0,48,3
2020-02-10,中国,台湾省,,18,0,1,0
2020-02-10,中国,吉林省,,81,0,13,1
2020-02-10,中国,四川省,,417,0,82,1
2020-02-10,中国,天津市,,95,0,8,2
2020-02-10,中国,宁夏回族自治区,,53,0,14,0
2020-02-10,中国,安徽省,,860,0,88,4
2020-02-10,中国,山东省,,486,0,71,1
2020-02-10,中国,山西省,,122,0,26,0
2020-02-10,中国,广东省,,1177,0,181,1
2020-02-10,中国,广西壮族自治区,,215,0,30,1
2020-02-10,中国,新疆维吾尔自治区,,55,0,0,0
2020-02-10,中国,江苏省,,515,0,84,0
2020-02-10,中国,江西省,,804,0,127,1
2020-02-10,中国,河北省,,239,0,41,2
2020-02-10,中国,河南省,,1105,0,198,7
2020-02-10,中国,浙江省,,1117,0,250,0
2020-02-10,中国,海南省,,142,0,19,3
2020-02-10,中国,湖北省,,31728,0,2222,974
2020-02-10,中国,湖南省,,912,0,213,1
2020-02-10,中国,澳门特别行政区,,10,0,1,0
2020-02-10,中国,甘肃省,,86,0,21,2
2020-02-10,中国,福建省,,267,0,39,0
2020-02-10,中国,西藏自治区,,1,0,0,0
2020-02-10,中国,贵州省,,118,0,10,1
2020-02-10,中国,辽宁省,,108,0,17,0
2020-02-10,中国,重庆市,,486,0,66,2
2020-02-10,中国,陕西省,,213,0,26,0
2020-02-10,中国,青海省,,18,0,3,0
2020-02-10,中国,香港特别行政区,,42,0,0,1
2020-02-10,中国,黑龙江省,,360,0,27,8
2020-02-11,中国,上海市,,306,0,53,1
2020-02-11,中国,云南省,,154,0,20,0
2020-02-11,中国,内蒙古自治区,,60,0,5,0
2020-02-11,中国,北京市,,352,0,56,3
2020-02-11,中国,台湾省,,18,0,1,0
2020-02-11,中国,吉林省,,83,0,18,1
2020-02-11,中国,四川省,,436,0,85,1
2020-02-11,中国,天津市,,106,0,10,2
2020-02-11,中国,宁夏回族自治区,,58,0,22,0
2020-02-11,中国,安徽省,,888,0,108,4
2020-02-11,中国,山东省,,497,0,80,1
2020-02-11,中国,山西省,,124,0,30,0
2020-02-11,中国,广东省,,1219,0,241,1
2020-02-11,中国,广西壮族自治区,,222,0,31,1
2020-02-11,中国,新疆维吾尔自治区,,59,0,3,0
2020-02-11,中国,江苏省,,543,0,94,0
2020-02-11,中国,江西省,,844,0,152,1
2020-02-11,中国,河北省,,251,0,48,2
2020-02-11,中国,河南省,,1135,0,231,8
2020-02-11,中国,浙江省,,1131,0,279,0
2020-02-11,中国,海南省,,145,0,20,3
2020-02-11,中国,湖北省,,33366,0,2639,1068
2020-02-11,中国,湖南省,,946,0,263,2
2020-02-11,中国,澳门特别行政区,,10,0,1,0
2020-02-11,中国,甘肃省,,86,0,24,2
2020-02-11,中国,福建省,,272,0,46,0
2020-02-11,中国,西藏自治区,,1,0,0,0
2020-02-11,中国,贵州省,,131,0,17,1
2020-02-11,中国,辽宁省,,116,0,19,0
2020-02-11,中国,重庆市,,505,0,79,3
2020-02-11,中国,陕西省,,219,0,31,0
2020-02-11,中国,青海省,,18,0,5,0
2020-02-11,中国,香港特别行政区,,49,0,0,1
2020-02-11,中国,黑龙江省,,378,0,28,8
2020-02-12,中国,上海市,,313,0,57,1
2020-02-12,中国,云南省,,155,0,23,0
2020-02-12,中国,内蒙古自治区,,61,0,6,0
2020-02-12,中国,北京市,,366,0,68,3
2020-02-12,中国,台湾省,,18,0,1,0
2020-02-12,中国,吉林省,,84,0,22,1
2020-02-12,中国,四川省,,451,0,93,1
2020-02-12,中国,天津市,,112,0,11,2
2020-02-12,中国,宁夏回族自治区,,64,0,24,0
2020-02-12,中国,安徽省,,910,0,128,5
2020-02-12,中国,山东省,,506,0,98,2
2020-02-12,中国,山西省,,126,0,33,0
2020-02-12,中国,广东省,,1241,0,284,2
2020-02-12,中国,广西壮族自治区,,222,0,33,2
2020-02-12,中国,新疆维吾尔自治区,,63,0,3,1
2020-02-12,中国,江苏省,,570,0,131,0
2020-02-12,中国,江西省,,872,0,170,1
2020-02-12,中国,河北省,,265,0,54,3
2020-02-12,中国,河南省,,1169,0,258,10
2020-02-12,中国,浙江省,,1145,0,327,0
2020-02-12,中国,海南省,,157,0,27,4
2020-02-12,中国,湖北省,,47163,0,3172,1202
2020-02-12,中国,湖南省,,968,0,312,2
2020-02-12,中国,澳门特别行政区,,10,0,2,0
2020-02-12,中国,甘肃省,,87,0,31,2
2020-02-12,中国,福建省,,279,0,54,0
2020-02-12,中国,西藏自治区,,1,0,1,0
2020-02-12,中国,贵州省,,135,0,20,1
2020-02-12,中国,辽宁省,,116,0,22,0
2020-02-12,中国,重庆市,,518,0,102,3
2020-02-12,中国,陕西省,,225,0,36,0
2020-02-12,中国,青海省,,18,0,9,0
2020-02-12,中国,香港特别行政区,,50,0,1,1
2020-02-12,中国,黑龙江省,,395,0,31,9
2020-02-13,中国,上海市,,318,0,62,1
2020-02-13,中国,云南省,,162,0,27,0
2020-02-13,中国,内蒙古自治区,,65,0,6,0
2020-02-13,中国,北京市,,372,0,79,3
2020-02-13,中国,台湾省,,18,0,1,0
2020-02-13,中国,吉林省,,86,0,25,1
2020-02-13,中国,四川省,,463,0,105,1
2020-02-13,中国,天津市,,119,0,21,3
2020-02-13,中国,宁夏回族自治区,,67,0,24,0
2020-02-13,中国,安徽省,,934,0,166,6
2020-02-13,中国,山东省,,519,0,111,2
2020-02-13,中国,山西省,,126,0,36,0
2020-02-13,中国,广东省,,1261,0,332,2
2020-02-13,中国,广西壮族自治区,,226,0,35,2
2020-02-13,中国,新疆维吾尔自治区,,65,0,6,1
2020-02-13,中国,江苏省,,593,0,137,0
2020-02-13,中国,江西省,,900,0,187,1
2020-02-13,中国,河北省,,283,0,69,3
2020-02-13,中国,河南省,,1184,0,313,11
2020-02-13,中国,浙江省,,1155,0,367,0
2020-02-13,中国,海南省,,157,0,30,4
2020-02-13,中国,湖北省,,51986,0,3862,1318
2020-02-13,中国,湖南省,,988,0,352,2
2020-02-13,中国,澳门特别行政区,,10,0,3,0
2020-02-13,中国,甘肃省,,90,0,39,2
2020-02-13,中国,福建省,,281,0,59,0
2020-02-13,中国,西藏自治区,,1,0,1,0
2020-02-13,中国,贵州省,,140,0,28,1
2020-02-13,中国,辽宁省,,116,0,22,1
2020-02-13,中国,重庆市,,529,0,128,4
2020-02-13,中国,陕西省,,229,0,44,0
2020-02-13,中国,青海省,,18,0,11,0
2020-02-13,中国,香港特别行政区,,53,0,1,1
2020-02-13,中国,黑龙江省,,418,0,37,11
2020-02-14,中国,上海市,,326,0,90,1
2020-02-14,中国,云南省,,168,0,35,0
2020-02-14,中国,内蒙古自治区,,68,0,6,0
2020-02-14,中国,北京市,,375,0,97,4
2020-02-14,中国,台湾省,,18,0,1,0
2020-02-14,中国,吉林省,,88,0,25,1
2020-02-14,中国,四川省,,470,0,115,1
2020-02-14,中国,天津市,,120,0,32,3
2020-02-14,中国,宁夏回族自治区,,70,0,27,0
2020-02-14,中国,安徽省,,950,0,198,6
2020-02-14,中国,山东省,,530,0,139,2
2020-02-14,中国,山西省,,127,0,38,0
2020-02-14,中国,广东省,,1294,0,386,2
2020-02-14,中国,广西壮族自治区,,235,0,40,2
2020-02-14,中国,新疆维吾尔自治区,,70,0,6,1
2020-02-14,中国,江苏省,,604,0,160,0
2020-02-14,中国,江西省,,913,0,210,1
2020-02-14,中国,河北省,,291,0,86,3
2020-02-14,中国,河南省,,1212,0,356,13
2020-02-14,中国,浙江省,,1162,0,409,0
2020-02-14,中国,海南省,,162,0,38,4
2020-02-14,中国,湖北省,,54406,0,4774,1457
2020-02-14,中国,湖南省,,1001,0,389,2
2020-02-14,中国,澳门特别行政区,,10,0,3,0
2020-02-14,中国,甘肃省,,90,0,44,2
2020-02-14,中国,福建省,,285,0,66,0
2020-02-14,中国,西藏自治区,,1,0,1,0
2020-02-14,中国,贵州省,,143,0,33,1
2020-02-14,中国,辽宁省,,119,0,29,1
2020-02-14,中国,重庆市,,537,0,152,5
2020-02-14,中国,陕西省,,230,0,49,0
2020-02-14,中国,青海省,,18,0,11,0
2020-02-14,中国,香港特别行政区,,56,0,1,1
2020-02-14,中国,黑龙江省,,425,0,48,11
2020-02-15,中国,上海市,,328,0,124,1
2020-02-15,中国,云南省,,169,0,42,0
2020-02-15,中国,内蒙古自治区,,70,0,7,0
2020-02-15,中国,北京市,,380,0,105,4
2020-02-15,中国,台湾省,,18,0,2,0
2020-02-15,中国,吉林省,,89,0,28,1
2020-02-15,中国,四川省,,481,0,127,3
2020-02-15,中国,天津市,,122,0,37,3
2020-02-15,中国,宁夏回族自治区,,70,0,33,0
2020-02-15,中国,安徽省,,962,0,232,6
2020-02-15,中国,山东省,,537,0,164,2
2020-02-15,中国,山西省,,128,0,46,0
2020-02-15,中国,广东省,,1316,0,436,2
2020-02-15,中国,广西壮族自治区,,237,0,46,2
2020-02-15,中国,新疆维吾尔自治区,,71,0,11,1
2020-02-15,中国,江苏省,,617,0,190,0
2020-02-15,中国,江西省,,925,0,239,1
2020-02-15,中国,河北省,,300,0,100,3
2020-02-15,中国,河南省,,1231,0,397,13
2020-02-15,中国,浙江省,,1167,0,437,0
2020-02-15,中国,海南省,,162,0,39,4
2020-02-15,中国,湖北省,,56249,0,5623,1596
2020-02-15,中国,湖南省,,1004,0,430,3
2020-02-15,中国,澳门特别行政区,,10,0,3,0
2020-02-15,中国,甘肃省,,90,0,49,2
2020-02-15,中国,福建省,,287,0,77,0
2020-02-15,中国,西藏自治区,,1,0,1,0
2020-02-15,中国,贵州省,,144,0,37,1
2020-02-15,中国,辽宁省,,120,0,32,1
2020-02-15,中国,重庆市,,544,0,184,5
2020-02-15,中国,陕西省,,232,0,53,0
2020-02-15,中国,青海省,,18,0,13,0
2020-02-15,中国,香港特别行政区,,56,0,1,1
2020-02-15,中国,黑龙江省,,445,0,70,11
2020-02-16,中国,上海市,,331,0,140,1
2020-02-16,中国,云南省,,171,0,42,0
2020-02-16,中国,内蒙古自治区,,72,0,8,0
2020-02-16,中国,北京市,,381,0,114,4
2020-02-16,中国,台湾省,,20,0,2,1
2020-02-16,中国,吉林省,,89,0,30,1
2020-02-16,中国,四川省,,495,0,136,3
2020-02-16,中国,天津市,,124,0,45,3
2020-02-16,中国,宁夏回族自治区,,70,0,33,0
2020-02-16,中国,安徽省,,973,0,266,6
2020-02-16,中国,山东省,,541,0,175,2
2020-02-16,中国,山西省,,129,0,50,0
2020-02-16,中国,广东省,,1322,0,473,4
2020-02-16,中国,广西壮族自治区,,238,0,51,2
2020-02-16,中国,新疆维吾尔自治区,,75,0,12,1
2020-02-16,中国,江苏省,,626,0,226,0
2020-02-16,中国,江西省,,930,0,275,1
2020-02-16,中国,河北省,,301,0,109,3
2020-02-16,中国,河南省,,1246,0,438,16
2020-02-16,中国,浙江省,,1171,0,470,0
2020-02-16,中国,海南省,,162,0,52,4
2020-02-16,中国,湖北省,,58182,0,6639,1696
2020-02-16,中国,湖南省,,1006,0,467,3
2020-02-16,中国,澳门特别行政区,,10,0,5,0
2020-02-16,中国,甘肃省,,90,0,54,2
2020-02-16,中国,福建省,,290,0,84,0
2020-02-16,中国,西藏自治区,,1,0,1,0
2020-02-16,中国,贵州省,,146,0,47,1
2020-02-16,中国,辽宁省,,121,0,41,1
2020-02-16,中国,重庆市,,551,0,207,5
2020-02-16,中国,陕西省,,236,0,64,0
2020-02-16,中国,青海省,,18,0,13,0
2020-02-16,中国,香港特别行政区,,57,0,2,1
2020-02-16,中国,黑龙江省,,457,0,80,11
2020-02-17,中国,上海市,,333,0,161,1
2020-02-17,中国,云南省,,172,0,47,0
2020-02-17,中国,内蒙古自治区,,73,0,8,0
2020-02-17,中国,北京市,,387,0,122,4
2020-02-17,中国,台湾省,,22,0,2,1
2020-02-17,中国,吉林省,,89,0,34,1
2020-02-17,中国,四川省,,508,0,163,3
2020-02-17,中国,天津市,,125,0,46,3
2020-02-17,中国,宁夏回族自治区,,70,0,35,0
2020-02-17,中国,安徽省,,982,0,293,6
2020-02-17,中国,山东省,,543,0,193,2
2020-02-17,中国,山西省,,130,0,53,0
2020-02-17,中国,广东省,,1328,0,530,4
2020-02-17,中国,广西壮族自治区,,242,0,58,2
2020-02-17,中国,新疆维吾尔自治区,,76,0,12,1
2020-02-17,中国,江苏省,,629,0,263,0
2020-02-17,中国,江西省,,933,0,310,1
2020-02-17,中国,河北省,,302,0,123,4
2020-02-17,中国,河南省,,1257,0,505,19
2020-02-17,中国,浙江省,,1172,0,514,0
2020-02-17,中国,海南省,,163,0,59,4
2020-02-17,中国,湖北省,,59989,0,7862,1789
2020-02-17,中国,湖南省,,1007,0,501,4
2020-02-17,中国,澳门特别行政区,,10,0,5,0
2020-02-17,中国,甘肃省,,91,0,58,2
2020-02-17,中国,福建省,,292,0,91,0
2020-02-17,中国,西藏自治区,,1,0,1,0
2020-02-17,中国,贵州省,,146,0,66,1
2020-02-17,中国,辽宁省,,121,0,43,1
2020-02-17,中国,重庆市,,553,0,225,5
2020-02-17,中国,陕西省,,240,0,79,0
2020-02-17,中国,青海省,,18,0,13,0
2020-02-17,中国,香港特别行政区,,60,0,2,1
2020-02-17,中国,黑龙江省,,464,0,85,11
2020-02-18,中国,上海市,,333,0,177,1
2020-02-18,中国,云南省,,172,0,57,0
2020-02-18,中国,内蒙古自治区,,75,0,9,0
2020-02-18,中国,北京市,,393,0,145,4
2020-02-18,中国,台湾省,,22,0,2,1
2020-02-18,中国,吉林省,,90,0,36,1
2020-02-18,中国,四川省,,514,0,177,3
2020-02-18,中国,天津市,,128,0,48,3
2020-02-18,中国,宁夏回族自治区,,71,0,42,0
2020-02-18,中国,安徽省,,986,0,361,6
2020-02-18,中国,山东省,,544,0,215,3
2020-02-18,中国,山西省,,131,0,61,0
2020-02-18,中国,广东省,,1331,0,571,5
2020-02-18,中国,广西壮族自治区,,244,0,76,2
2020-02-18,中国,新疆维吾尔自治区,,76,0,14,1
2020-02-18,中国,江苏省,,631,0,296,0
2020-02-18,中国,江西省,,933,0,362,1
2020-02-18,中国,河北省,,306,0,136,4
2020-02-18,中国,河南省,,1261,0,552,19
2020-02-18,中国,浙江省,,1173,0,544,0
2020-02-18,中国,海南省,,163,0,79,4
2020-02-18,中国,湖北省,,61682,0,9128,1921
2020-02-18,中国,湖南省,,1008,0,542,4
2020-02-18,中国,澳门特别行政区,,10,0,5,0
2020-02-18,中国,甘肃省,,91,0,62,2
2020-02-18,中国,福建省,,293,0,96,0
2020-02-18,中国,西藏自治区,,1,0,1,0
2020-02-18,中国,贵州省,,146,0,69,2
2020-02-18,中国,辽宁省,,121,0,55,1
2020-02-18,中国,重庆市,,555,0,254,5
2020-02-18,中国,陕西省,,240,0,89,0
2020-02-18,中国,青海省,,18,0,15,0
2020-02-18,中国,香港特别行政区,,62,0,4,1
2020-02-18,中国,黑龙江省,,470,0,108,12
2020-02-19,中国,上海市,,333,0,186,2
2020-02-19,中国,云南省,,172,0,60,1
2020-02-19,中国,内蒙古自治区,,75,0,11,0
2020-02-19,中国,北京市,,395,0,153,4
2020-02-19,中国,台湾省,,24,0,2,1
2020-02-19,中国,吉林省,,91,0,40,1
2020-02-19,中国,四川省,,520,0,198,3
2020-02-19,中国,天津市,,130,0,54,3
2020-02-19,中国,宁夏回族自治区,,71,0,42,0
2020-02-19,中国,安徽省,,987,0,424,6
2020-02-19,中国,山东省,,546,0,238,4
2020-02-19,中国,山西省,,131,0,68,0
2020-02-19,中国,广东省,,1332,0,619,5
2020-02-19,中国,广西壮族自治区,,245,0,87,2
2020-02-19,中国,新疆维吾尔自治区,,76,0,20,1
2020-02-19,中国,江苏省,,631,0,325,0
2020-02-19,中国,江西省,,934,0,432,1
2020-02-19,中国,河北省,,307,0,152,5
2020-02-19,中国,河南省,,1265,0,614,19
2020-02-19,中国,浙江省,,1175,0,609,0
2020-02-19,中国,海南省,,168,0,84,4
2020-02-19,中国,湖北省,,62457,0,10337,2029
2020-02-19,中国,湖南省,,1010,0,578,4
2020-02-19,中国,澳门特别行政区,,10,0,6,0
2020-02-19,中国,甘肃省,,91,0,65,2
2020-02-19,中国,福建省,,293,0,112,1
2020-02-19,中国,西藏自治区,,1,0,1,0
2020-02-19,中国,贵州省,,146,0,71,2
2020-02-19,中国,辽宁省,,121,0,58,1
2020-02-19,中国,重庆市,,560,0,274,5
2020-02-19,中国,陕西省,,242,0,89,0
2020-02-19,中国,青海省,,18,0,16,0
2020-02-19,中国,香港特别行政区,,65,0,5,2
2020-02-19,中国,黑龙江省,,476,0,123,12
2020-02-20,中国,上海市,,334,0,199,2
2020-02-20,中国,云南省,,174,0,79,2
2020-02-20,中国,内蒙古自治区,,75,0,16,0
2020-02-20,中国,北京市,,396,0,169,4
2020-02-20,中国,台湾省,,24,0,2,1
2020-02-20,中国,吉林省,,91,0,44,1
2020-02-20,中国,四川省,,525,0,222,3
2020-02-20,中国,天津市,,131,0,59,3
2020-02-20,中国,宁夏回族自治区,,71,0,44,0
2020-02-20,中国,安徽省,,988,0,500,6
2020-02-20,中国,山东省,,748,0,270,4
2020-02-20,中国,山西省,,132,0,76,0
2020-02-20,中国,广东省,,1333,0,664,5
2020-02-20,中国,广西壮族自治区,,246,0,95,2
2020-02-20,中国,新疆维吾尔自治区,,76,0,22,1
2020-02-20,中国,江苏省,,631,0,352,0
2020-02-20,中国,江西省,,934,0,489,1
2020-02-20,中国,河北省,,308,0,170,5
2020-02-20,中国,河南省,,1267,0,717,19
2020-02-20,中国,浙江省,,1203,0,647,1
2020-02-20,中国,海南省,,168,0,89,4
2020-02-20,中国,湖北省,,63088,0,11788,2144
2020-02-20,中国,湖南省,,1011,0,638,4
2020-02-20,中国,澳门特别行政区,,10,0,6,0
2020-02-20,中国,甘肃省,,91,0,71,2
2020-02-20,中国,福建省,,293,0,134,1
2020-02-20,中国,西藏自治区,,1,0,1,0
2020-02-20,中国,贵州省,,146,0,76,2
2020-02-20,中国,辽宁省,,121,0,61,1
2020-02-20,中国,重庆市,,567,0,299,6
2020-02-20,中国,陕西省,,245,0,110,1
2020-02-20,中国,青海省,,18,0,16,0
2020-02-20,中国,香港特别行政区,,68,0,5,2
2020-02-20,中国,黑龙江省,,479,0,141,12
