,date,country,province,city,confirmed,suspected,cured,dead
0,2019-12-01,中国,,,1,0,0,0
1,2019-12-02,中国,,,1,0,0,0
2,2019-12-03,中国,,,1,0,0,0
3,2019-12-04,中国,,,1,0,0,0
4,2019-12-05,中国,,,1,0,0,0
5,2019-12-06,中国,,,1,0,0,0
6,2019-12-07,中国,,,1,0,0,0
7,2019-12-08,中国,,,1,0,0,0
8,2019-12-09,中国,,,1,0,0,0
9,2019-12-10,中国,,,1,0,0,0
10,2019-12-11,中国,,,4,0,0,0
11,2019-12-12,中国,,,4,0,0,0
12,2019-12-13,中国,,,4,0,0,0
13,2019-12-14,中国,,,4,0,0,0
14,2019-12-15,中国,,,6,0,0,0
15,2019-12-16,中国,,,6,0,0,0
16,2019-12-17,中国,,,7,0,0,0
17,2019-12-18,中国,,,8,0,0,0
18,2019-12-19,中国,,,9,0,0,0
19,2019-12-20,中国,,,14,0,0,0
20,2019-12-21,中国,,,18,0,0,0
21,2019-12-22,中国,,,21,0,0,0
22,2019-12-23,中国,,,29,0,0,0
23,2019-12-24,中国,,,30,0,0,0
24,2019-12-25,中国,,,33,0,0,0
25,2019-12-26,中国,,,35,0,0,0
26,2019-12-27,中国,,,37,0,0,0
27,2019-12-28,中国,,,37,0,0,0
28,2019-12-29,中国,,,37,0,0,0
29,2019-12-30,中国,,,37,0,0,0
30,2019-12-31,中国,,,40,0,0,0
31,2020-01-01,中国,,,43,0,0,0
32,2020-01-02,中国,,,44,0,0,0
33,2020-01-03,中国,,,44,0,0,0
34,2020-01-04,中国,,,44,0,0,0
35,2020-01-05,中国,,,44,0,0,0
36,2020-01-06,中国,,,44,0,0,0
37,2020-01-07,中国,,,44,0,0,0
38,2020-01-08,中国,,,44,0,0,0
39,2020-01-09,中国,,,44,0,0,0
40,2020-01-10,中国,,,44,0,2,1
41,2020-01-11,中国,,,44,0,6,1
42,2020-01-12,中国,,,44,0,7,1
43,2020-01-13,中国,,,44,0,7,1
44,2020-01-14,中国,,,44,0,7,1
45,2020-01-15,中国,,,44,0,12,2
46,2020-01-16,中国,,,45,0,15,2
47,2020-01-16,泰国,,,1,0,0,0
48,2020-01-16,日本,,,1,0,1,0
49,2020-01-17,中国,,,62,0,19,2
50,2020-01-17,日本,,,1,0,1,0
51,2020-01-18,中国,,,198,0,24,3
52,2020-01-18,日本,,,1,0,1,0
53,2020-01-19,中国,,,275,0,25,4
54,2020-01-19,日本,,,1,0,1,0
55,2020-01-20,中国,,,291,54,25,6
56,2020-01-20,泰国,,,2,0,0,0
57,2020-01-20,韩国,,,1,0,0,0
58,2020-01-20,日本,,,1,0,1,0
59,2020-01-21,中国,,,440,37,25,9
60,2020-01-21,泰国,,,3,0,0,0
61,2020-01-21,韩国,,,1,0,0,0
62,2020-01-21,日本,,,1,0,1,0
63,2020-01-22,中国,,,571,393,25,17
64,2020-01-22,泰国,,,3,0,0,0
65,2020-01-22,美国,,,1,0,0,0
66,2020-01-22,韩国,,,1,0,0,0
67,2020-01-22,日本,,,1,0,1,0
68,2020-01-23,中国,,,830,1072,34,25
69,2020-01-23,越南,,,2,0,0,0
70,2020-01-23,新加坡,,,1,0,0,0
71,2020-01-23,泰国,,,3,0,2,0
72,2020-01-23,美国,,,1,0,0,0
73,2020-01-23,韩国,,,1,0,0,0
74,2020-01-23,日本,,,1,0,1,0
75,2020-01-24,中国,,,1287,1965,38,41
76,2020-01-24,越南,,,2,0,0,0
77,2020-01-24,新加坡,,,3,0,0,0
78,2020-01-24,泰国,,,4,0,2,0
79,2020-01-24,尼泊尔,,,1,0,0,0
80,2020-01-24,美国,,,2,0,0,0
81,2020-01-24,韩国,,,2,0,0,0
82,2020-01-24,法国,,,2,0,0,0
83,2020-01-24,日本,,,2,0,1,0
84,2020-01-25,中国,,,1975,2684,49,56
85,2020-01-25,越南,,,2,0,0,0
86,2020-01-25,新加坡,,,3,0,0,0
87,2020-01-25,泰国,,,4,0,2,0
88,2020-01-25,尼泊尔,,,1,0,0,0
89,2020-01-25,美国,,,2,0,0,0
90,2020-01-25,马来西亚,,,3,0,0,0
91,2020-01-25,韩国,,,2,0,0,0
92,2020-01-25,法国,,,3,0,0,0
93,2020-01-25,澳大利亚,,,1,0,0,0
94,2020-01-25,日本,,,3,0,1,0
95,2020-01-26,中国,,,2744,5794,51,80
96,2020-01-26,越南,,,2,0,0,0
97,2020-01-26,新加坡,,,4,0,0,0
98,2020-01-26,泰国,,,7,0,0,0
99,2020-01-26,尼泊尔,,,1,0,0,0
100,2020-01-26,美国,,,3,0,0,0
101,2020-01-26,马来西亚,,,3,0,0,0
102,2020-01-26,韩国,,,3,0,0,0
103,2020-01-26,法国,,,3,0,0,0
104,2020-01-26,澳大利亚,,,4,0,0,0
105,2020-01-27,中国,,,4515,6973,60,106
106,2020-01-27,越南,,,2,0,0,0
107,2020-01-27,新加坡,,,4,1,0,0
108,2020-01-27,泰国,,,8,0,2,0
109,2020-01-27,尼泊尔,,,1,0,0,0
110,2020-01-27,美国,,,5,0,0,0
111,2020-01-27,马来西亚,,,4,0,0,0
112,2020-01-27,加拿大,,,1,0,0,0
113,2020-01-27,韩国,,,4,0,0,0
114,2020-01-27,法国,,,3,0,0,0
115,2020-01-27,巴基斯坦,,,0,5,0,0
116,2020-01-27,澳大利亚,,,5,0,0,0
117,2020-01-28,中国,,,5974,9239,103,132
118,2020-01-28,越南,,,2,0,0,0
119,2020-01-28,新加坡,,,7,0,0,0
120,2020-01-28,泰国,,,14,0,2,0
121,2020-01-28,斯里兰卡,,,1,0,0,0
122,2020-01-28,尼泊尔,,,1,0,0,0
123,2020-01-28,美国,,,5,0,0,0
124,2020-01-28,马来西亚,,,4,0,0,0
125,2020-01-28,加拿大,,,2,0,0,0
126,2020-01-28,韩国,,,4,0,0,0
127,2020-01-28,法国,,,3,0,0,0
128,2020-01-28,德国,,,1,0,0,0
129,2020-01-28,澳大利亚,,,5,0,0,0
130,2020-01-28,日本,,,6,0,1,0
131,2020-01-29,中国,,,7711,12167,124,170
132,2020-01-29,越南,,,2,0,0,0
133,2020-01-29,新加坡,,,10,0,0,0
134,2020-01-29,泰国,,,14,0,2,0
135,2020-01-29,斯里兰卡,,,1,0,0,0
136,2020-01-29,尼泊尔,,,1,0,0,0
137,2020-01-29,美国,,,5,0,0,0
138,2020-01-29,马来西亚,,,7,0,0,0
139,2020-01-29,加拿大,,,2,0,0,0
140,2020-01-29,韩国,,,4,0,0,0
141,2020-01-29,法国,,,4,0,0,0
142,2020-01-29,德国,,,4,0,0,0
143,2020-01-29,澳大利亚,,,7,0,0,0
144,2020-01-29,阿联酋,,,4,0,0,0
145,2020-01-30,中国,,,9692,15238,171,213
146,2020-01-30,越南,,,2,0,0,0
147,2020-01-30,印度,,,1,0,0,0
148,2020-01-30,新加坡,,,10,0,0,0
149,2020-01-30,泰国,,,14,0,2,0
150,2020-01-30,斯里兰卡,,,1,0,0,0
151,2020-01-30,尼泊尔,,,1,0,0,0
152,2020-01-30,美国,,,5,0,0,0
153,2020-01-30,马来西亚,,,8,0,0,0
154,2020-01-30,加拿大,,,3,0,0,0
155,2020-01-30,韩国,,,6,0,0,0
156,2020-01-30,芬兰,,,1,0,0,0
157,2020-01-30,菲律宾,,,1,0,0,0
158,2020-01-30,法国,,,5,0,0,0
159,2020-01-30,德国,,,4,0,0,0
160,2020-01-30,澳大利亚,,,8,0,2,0
161,2020-01-30,阿联酋,,,4,0,0,0
162,2020-01-31,中国,,,11791,17988,243,259
163,2020-01-31,越南,,,2,0,0,0
164,2020-01-31,印度,,,1,0,0,0
165,2020-01-31,新加坡,,,10,0,0,0
166,2020-01-31,泰国,,,14,0,2,0
167,2020-01-31,斯里兰卡,,,1,0,0,0
168,2020-01-31,尼泊尔,,,1,0,0,0
169,2020-01-31,美国,,,5,0,0,0
170,2020-01-31,马来西亚,,,8,0,0,0
171,2020-01-31,加拿大,,,3,0,0,0
172,2020-01-31,韩国,,,6,0,0,0
173,2020-01-31,芬兰,,,1,0,0,0
174,2020-01-31,菲律宾,,,1,0,0,0
175,2020-01-31,法国,,,5,0,0,0
176,2020-01-31,德国,,,4,0,0,0
177,2020-01-31,澳大利亚,,,8,0,2,0
178,2020-01-31,阿联酋,,,4,0,0,0
179,2020-01-31,日本,,,17,0,1,0
180,2020-02-01,中国,,,14380,19544,328,304
181,2020-02-01,越南,,,2,0,0,0
182,2020-02-01,印度,,,1,0,0,0
183,2020-02-01,新加坡,,,10,0,0,0
184,2020-02-01,泰国,,,14,0,2,0
185,2020-02-01,斯里兰卡,,,1,0,0,0
186,2020-02-01,尼泊尔,,,1,0,0,0
187,2020-02-01,美国,,,5,0,0,0
188,2020-02-01,马来西亚,,,8,0,0,0
189,2020-02-01,加拿大,,,3,0,0,0
190,2020-02-01,韩国,,,6,0,0,0
191,2020-02-01,芬兰,,,1,0,0,0
192,2020-02-01,菲律宾,,,1,0,0,0
193,2020-02-01,法国,,,5,0,0,0
194,2020-02-01,德国,,,4,0,0,0
195,2020-02-01,澳大利亚,,,8,0,2,0
196,2020-02-01,阿联酋,,,4,0,0,0
197,2020-02-01,日本,,,20,0,1,0
198,2020-02-02,中国,,,17205,21558,475,361
199,2020-02-02,越南,,,2,0,0,0
200,2020-02-02,印度,,,1,0,0,0
201,2020-02-02,新加坡,,,10,0,0,0
202,2020-02-02,泰国,,,14,0,2,0
203,2020-02-02,斯里兰卡,,,1,0,0,0
204,2020-02-02,尼泊尔,,,1,0,0,0
205,2020-02-02,美国,,,5,0,0,0
206,2020-02-02,马来西亚,,,8,0,0,0
207,2020-02-02,加拿大,,,3,0,0,0
208,2020-02-02,韩国,,,6,0,0,0
209,2020-02-02,芬兰,,,1,0,0,0
210,2020-02-02,菲律宾,,,1,0,0,0
211,2020-02-02,法国,,,5,0,0,0
212,2020-02-02,德国,,,4,0,0,0
213,2020-02-02,澳大利亚,,,8,0,2,0
214,2020-02-02,阿联酋,,,4,0,0,0
215,2020-02-03,中国,,,20438,23214,632,425
216,2020-02-03,越南,,,2,0,0,0
217,2020-02-03,印度,,,1,0,0,0
218,2020-02-03,新加坡,,,10,0,0,0
219,2020-02-03,泰国,,,14,0,2,0
220,2020-02-03,斯里兰卡,,,1,0,0,0
221,2020-02-03,尼泊尔,,,1,0,0,0
222,2020-02-03,美国,,,5,0,0,0
223,2020-02-03,马来西亚,,,8,0,0,0
224,2020-02-03,加拿大,,,3,0,0,0
225,2020-02-03,韩国,,,6,0,0,0
226,2020-02-03,芬兰,,,1,0,0,0
227,2020-02-03,菲律宾,,,1,0,0,0
228,2020-02-03,法国,,,5,0,0,0
229,2020-02-03,德国,,,4,0,0,0
230,2020-02-03,澳大利亚,,,8,0,2,0
231,2020-02-03,阿联酋,,,4,0,0,0
232,2020-02-04,中国,,,24324,23260,892,490
233,2020-02-04,日本,,,23,0,1,0
234,2020-02-05,中国,,,28018,24702,1153,563
235,2020-02-05,日本,,,23,0,1,0
236,2020-02-06,中国,,,31161,26359,1540,636
237,2020-02-06,越南,,,10,0,3,0
238,2020-02-06,英国,,,2,0,0,0
239,2020-02-06,印度,,,3,0,0,0
240,2020-02-06,意大利,,,2,0,0,0
241,2020-02-06,新加坡,,,28,0,1,0
242,2020-02-06,西班牙,,,1,0,0,0
243,2020-02-06,泰国,,,25,0,8,0
244,2020-02-06,斯里兰卡,,,1,0,1,0
245,2020-02-06,瑞典,,,1,0,0,0
246,2020-02-06,尼泊尔,,,1,0,0,0
247,2020-02-06,美国,,,12,0,1,0
248,2020-02-06,马来西亚,,,14,0,1,0
249,2020-02-06,柬埔寨,,,1,0,0,0
250,2020-02-06,加拿大,,,5,0,1,0
251,2020-02-06,韩国,,,24,0,1,0
252,2020-02-06,芬兰,,,1,0,0,0
253,2020-02-06,菲律宾,,,3,0,0,1
254,2020-02-06,法国,,,6,0,0,0
255,2020-02-06,俄罗斯,,,2,0,0,0
256,2020-02-06,德国,,,12,0,0,0
257,2020-02-06,比利时,,,1,0,0,0
258,2020-02-06,澳大利亚,,,14,0,3,0
259,2020-02-06,阿联酋,,,5,0,0,0
260,2020-02-06,日本,,,25,0,1,0
261,2020-02-07,中国,,,34594,27657,2052,723
262,2020-02-07,越南,,,12,0,3,0
263,2020-02-07,英国,,,3,0,0,0
264,2020-02-07,印度,,,3,0,0,0
265,2020-02-07,意大利,,,3,0,0,0
266,2020-02-07,新加坡,,,33,0,2,0
267,2020-02-07,西班牙,,,1,0,0,0
268,2020-02-07,泰国,,,25,0,8,0
269,2020-02-07,斯里兰卡,,,1,0,1,0
270,2020-02-07,瑞典,,,1,0,0,0
271,2020-02-07,尼泊尔,,,1,0,0,0
272,2020-02-07,美国,,,12,0,1,0
273,2020-02-07,马来西亚,,,14,0,1,0
274,2020-02-07,柬埔寨,,,1,0,0,0
275,2020-02-07,加拿大,,,5,0,1,0
276,2020-02-07,韩国,,,24,0,1,0
277,2020-02-07,芬兰,,,1,0,0,0
278,2020-02-07,菲律宾,,,3,0,0,1
279,2020-02-07,法国,,,6,0,0,0
280,2020-02-07,俄罗斯,,,2,0,0,0
281,2020-02-07,德国,,,13,0,0,0
282,2020-02-07,比利时,,,1,0,0,0
283,2020-02-07,澳大利亚,,,15,0,3,0
284,2020-02-07,阿联酋,,,5,0,0,0
285,2020-02-07,日本,,,25,0,1,0
286,2020-02-08,中国,,,37162,28942,2651,812
287,2020-02-08,越南,,,13,0,3,0
288,2020-02-08,英国,,,3,0,0,0
289,2020-02-08,印度,,,3,0,0,0
290,2020-02-08,意大利,,,3,0,0,0
291,2020-02-08,新加坡,,,33,0,2,0
292,2020-02-08,西班牙,,,1,0,0,0
293,2020-02-08,泰国,,,32,0,8,0
294,2020-02-08,斯里兰卡,,,1,0,1,0
295,2020-02-08,瑞典,,,1,0,0,0
296,2020-02-08,尼泊尔,,,1,0,0,0
297,2020-02-08,美国,,,12,0,3,0
298,2020-02-08,马来西亚,,,16,0,2,0
299,2020-02-08,柬埔寨,,,1,0,0,0
300,2020-02-08,加拿大,,,5,0,1,0
301,2020-02-08,韩国,,,24,0,2,0
302,2020-02-08,芬兰,,,1,0,1,0
303,2020-02-08,菲律宾,,,3,0,0,1
304,2020-02-08,法国,,,11,0,0,0
305,2020-02-08,俄罗斯,,,2,0,0,0
306,2020-02-08,德国,,,13,0,0,0
307,2020-02-08,比利时,,,1,0,0,0
308,2020-02-08,澳大利亚,,,15,0,3,0
309,2020-02-08,阿联酋,,,7,0,0,0
310,2020-02-08,日本,,,25,0,1,0
311,2020-02-09,中国,,,40224,23589,3283,909
312,2020-02-09,越南,,,14,0,3,0
313,2020-02-09,英国,,,4,0,0,0
314,2020-02-09,印度,,,3,0,0,0
315,2020-02-09,意大利,,,3,0,0,0
316,2020-02-09,新加坡,,,43,0,2,0
317,2020-02-09,西班牙,,,2,0,0,0
318,2020-02-09,泰国,,,32,0,8,0
319,2020-02-09,斯里兰卡,,,1,0,1,0
320,2020-02-09,瑞典,,,1,0,0,0
321,2020-02-09,尼泊尔,,,1,0,0,0
322,2020-02-09,美国,,,12,0,3,0
323,2020-02-09,马来西亚,,,17,0,2,0
324,2020-02-09,柬埔寨,,,1,0,0,0
325,2020-02-09,加拿大,,,7,0,1,0
326,2020-02-09,韩国,,,27,0,3,0
327,2020-02-09,芬兰,,,1,0,1,0
328,2020-02-09,菲律宾,,,3,0,0,1
329,2020-02-09,法国,,,11,0,0,0
330,2020-02-09,俄罗斯,,,2,0,0,0
331,2020-02-09,德国,,,14,0,0,0
332,2020-02-09,比利时,,,1,0,0,0
333,2020-02-09,澳大利亚,,,15,0,3,0
334,2020-02-09,阿联酋,,,7,0,0,0
335,2020-02-09,日本,,,26,0,1,0
336,2020-02-10,中国,,,42708,21675,3998,1017
337,2020-02-10,越南,,,14,0,3,0
338,2020-02-10,英国,,,8,0,0,0
339,2020-02-10,印度,,,3,0,0,0
340,2020-02-10,意大利,,,3,0,0,0
341,2020-02-10,新加坡,,,45,0,7,0
342,2020-02-10,西班牙,,,2,0,0,0
343,2020-02-10,泰国,,,32,0,8,0
344,2020-02-10,斯里兰卡,,,1,0,1,0
345,2020-02-10,瑞典,,,1,0,0,0
346,2020-02-10,尼泊尔,,,1,0,0,0
347,2020-02-10,美国,,,12,0,3,0
348,2020-02-10,马来西亚,,,18,0,2,0
349,2020-02-10,柬埔寨,,,1,0,0,0
350,2020-02-10,加拿大,,,7,0,1,0
351,2020-02-10,韩国,,,27,0,3,0
352,2020-02-10,芬兰,,,1,0,1,0
353,2020-02-10,菲律宾,,,3,0,1,1
354,2020-02-10,法国,,,11,0,0,0
355,2020-02-10,俄罗斯,,,2,0,0,0
356,2020-02-10,德国,,,14,0,0,0
357,2020-02-10,比利时,,,1,0,0,0
358,2020-02-10,澳大利亚,,,15,0,3,0
359,2020-02-10,阿联酋,,,7,0,0,0
360,2020-02-10,日本,,,26,0,2,0
361,2020-02-11,中国,,,44730,16067,4742,1114
362,2020-02-11,越南,,,15,0,3,0
363,2020-02-11,英国,,,8,0,0,0
364,2020-02-11,印度,,,3,0,0,0
365,2020-02-11,意大利,,,3,0,0,0
366,2020-02-11,新加坡,,,47,0,9,0
367,2020-02-11,西班牙,,,2,0,0,0
368,2020-02-11,泰国,,,32,0,10,0
369,2020-02-11,斯里兰卡,,,1,0,1,0
370,2020-02-11,瑞典,,,1,0,0,0
371,2020-02-11,尼泊尔,,,1,0,0,0
372,2020-02-11,美国,,,13,0,3,0
373,2020-02-11,马来西亚,,,18,0,3,0
374,2020-02-11,柬埔寨,,,1,0,0,0
375,2020-02-11,加拿大,,,7,0,1,0
376,2020-02-11,韩国,,,28,0,3,0
377,2020-02-11,芬兰,,,1,0,1,0
378,2020-02-11,菲律宾,,,3,0,1,1
379,2020-02-11,法国,,,11,0,0,0
380,2020-02-11,俄罗斯,,,2,0,0,0
381,2020-02-11,德国,,,14,0,0,0
382,2020-02-11,比利时,,,1,0,0,0
383,2020-02-11,澳大利亚,,,15,0,3,0
384,2020-02-11,阿联酋,,,8,0,0,0
385,2020-02-11,日本,,,26,0,2,0
386,2020-02-12,中国,,,58839,13435,5646,1260
387,2020-02-12,越南,,,15,0,3,0
388,2020-02-12,英国,,,8,0,1,0
389,2020-02-12,印度,,,3,0,0,0
390,2020-02-12,意大利,,,3,0,0,0
391,2020-02-12,新加坡,,,50,0,15,0
392,2020-02-12,西班牙,,,2,0,0,0
393,2020-02-12,泰国,,,33,0,10,0
394,2020-02-12,斯里兰卡,,,1,0,1,0
395,2020-02-12,瑞典,,,1,0,0,0
396,2020-02-12,尼泊尔,,,1,0,1,0
397,2020-02-12,美国,,,13,0,3,0
398,2020-02-12,马来西亚,,,18,0,3,0
399,2020-02-12,柬埔寨,,,1,0,0,0
400,2020-02-12,加拿大,,,7,0,1,0
401,2020-02-12,韩国,,,28,0,3,0
402,2020-02-12,芬兰,,,1,0,1,0
403,2020-02-12,菲律宾,,,3,0,1,1
404,2020-02-12,法国,,,11,0,0,0
405,2020-02-12,俄罗斯,,,2,0,2,0
406,2020-02-12,德国,,,16,0,0,0
407,2020-02-12,比利时,,,1,0,0,0
408,2020-02-12,澳大利亚,,,15,0,5,0
409,2020-02-12,阿联酋,,,8,0,0,0
410,2020-02-12,日本,,,28,0,10,0
411,2020-02-13,中国,,,63932,10109,6728,1381
412,2020-02-13,越南,,,15,0,5,0
413,2020-02-13,英国,,,9,0,1,0
414,2020-02-13,印度,,,3,0,0,0
415,2020-02-13,意大利,,,3,0,0,0
416,2020-02-13,新加坡,,,58,0,15,0
417,2020-02-13,西班牙,,,2,0,0,0
418,2020-02-13,泰国,,,33,0,10,0
419,2020-02-13,斯里兰卡,,,1,0,1,0
420,2020-02-13,瑞典,,,1,0,0,0
421,2020-02-13,尼泊尔,,,1,0,1,0
422,2020-02-13,美国,,,14,0,3,0
423,2020-02-13,马来西亚,,,19,0,3,0
424,2020-02-13,柬埔寨,,,1,0,0,0
425,2020-02-13,加拿大,,,7,0,1,0
426,2020-02-13,韩国,,,28,0,7,0
427,2020-02-13,芬兰,,,1,0,1,0
428,2020-02-13,菲律宾,,,3,0,1,1
429,2020-02-13,法国,,,11,0,0,0
430,2020-02-13,俄罗斯,,,2,0,2,0
431,2020-02-13,德国,,,16,0,1,0
432,2020-02-13,比利时,,,1,0,0,0
433,2020-02-13,澳大利亚,,,15,0,5,0
434,2020-02-13,阿联酋,,,8,0,0,0
435,2020-02-13,日本,,,29,0,11,1
436,2020-02-14,中国,,,66575,8969,8101,1524
437,2020-02-14,越南,,,16,0,5,0
438,2020-02-14,英国,,,9,0,1,0
439,2020-02-14,印度,,,3,0,0,0
440,2020-02-14,意大利,,,3,0,0,0
441,2020-02-14,新加坡,,,67,0,17,0
442,2020-02-14,西班牙,,,2,0,0,0
443,2020-02-14,泰国,,,33,0,10,0
444,2020-02-14,斯里兰卡,,,1,0,1,0
445,2020-02-14,瑞典,,,1,0,0,0
446,2020-02-14,尼泊尔,,,1,0,1,0
447,2020-02-14,美国,,,15,0,3,0
448,2020-02-14,马来西亚,,,19,0,3,0
449,2020-02-14,柬埔寨,,,1,0,0,0
450,2020-02-14,加拿大,,,7,0,1,0
451,2020-02-14,韩国,,,28,0,7,0
452,2020-02-14,芬兰,,,1,0,1,0
453,2020-02-14,菲律宾,,,3,0,1,1
454,2020-02-14,法国,,,11,0,0,0
455,2020-02-14,俄罗斯,,,2,0,2,0
456,2020-02-14,德国,,,16,0,1,0
457,2020-02-14,比利时,,,1,0,0,0
458,2020-02-14,澳大利亚,,,15,0,5,0
459,2020-02-14,阿联酋,,,8,0,3,0
460,2020-02-14,日本,,,33,0,12,1
461,2020-02-15,中国,,,68584,8229,9425,1666
462,2020-02-15,越南,,,16,0,7,0
463,2020-02-15,英国,,,9,0,1,0
464,2020-02-15,印度,,,3,0,0,0
465,2020-02-15,意大利,,,3,0,0,0
466,2020-02-15,新加坡,,,67,0,17,0
467,2020-02-15,西班牙,,,2,0,0,0
468,2020-02-15,泰国,,,33,0,14,0
469,2020-02-15,斯里兰卡,,,1,0,1,0
470,2020-02-15,瑞典,,,1,0,0,0
471,2020-02-15,尼泊尔,,,1,0,1,0
472,2020-02-15,美国,,,15,0,3,0
473,2020-02-15,马来西亚,,,21,0,3,0
474,2020-02-15,柬埔寨,,,1,0,1,0
475,2020-02-15,加拿大,,,8,0,1,0
476,2020-02-15,韩国,,,28,0,9,0
477,2020-02-15,芬兰,,,1,0,1,0
478,2020-02-15,菲律宾,,,3,0,1,1
479,2020-02-15,法国,,,11,0,0,1
480,2020-02-15,俄罗斯,,,2,0,2,0
481,2020-02-15,德国,,,16,0,1,0
482,2020-02-15,比利时,,,1,0,0,0
483,2020-02-15,澳大利亚,,,15,0,5,0
484,2020-02-15,埃及,,,1,0,0,0
485,2020-02-15,阿联酋,,,8,0,3,0
486,2020-02-15,日本,,,41,0,12,1
487,2020-02-16,中国,,,70637,7264,10860,1772
488,2020-02-16,越南,,,16,0,7,0
489,2020-02-16,英国,,,9,0,8,0
490,2020-02-16,印度,,,3,0,2,0
491,2020-02-16,意大利,,,3,0,0,0
492,2020-02-16,新加坡,,,72,0,18,0
493,2020-02-16,西班牙,,,2,0,0,0
494,2020-02-16,泰国,,,34,0,15,0
495,2020-02-16,斯里兰卡,,,1,0,1,0
496,2020-02-16,瑞典,,,1,0,0,0
497,2020-02-16,尼泊尔,,,1,0,1,0
498,2020-02-16,美国,,,15,0,3,0
499,2020-02-16,马来西亚,,,22,0,7,0
500,2020-02-16,柬埔寨,,,1,0,1,0
501,2020-02-16,加拿大,,,8,0,1,0
502,2020-02-16,韩国,,,29,0,9,0
503,2020-02-16,芬兰,,,1,0,1,0
504,2020-02-16,菲律宾,,,3,0,1,1
505,2020-02-16,法国,,,12,0,4,1
506,2020-02-16,俄罗斯,,,2,0,2,0
507,2020-02-16,德国,,,16,0,1,0
508,2020-02-16,比利时,,,1,0,1,0
509,2020-02-16,澳大利亚,,,15,0,5,0
510,2020-02-16,埃及,,,1,0,0,0
511,2020-02-16,阿联酋,,,8,0,4,0
512,2020-02-16,日本,,,53,0,12,1
513,2020-02-17,中国,,,72528,6242,12561,1870
514,2020-02-17,越南,,,16,0,7,0
515,2020-02-17,英国,,,9,0,8,0
516,2020-02-17,印度,,,3,0,2,0
517,2020-02-17,意大利,,,3,0,0,0
518,2020-02-17,新加坡,,,77,0,19,0
519,2020-02-17,西班牙,,,2,0,0,0
520,2020-02-17,泰国,,,35,0,15,0
521,2020-02-17,斯里兰卡,,,1,0,1,0
522,2020-02-17,瑞典,,,1,0,0,0
523,2020-02-17,尼泊尔,,,1,0,1,0
524,2020-02-17,美国,,,15,0,3,0
525,2020-02-17,马来西亚,,,22,0,9,0
526,2020-02-17,柬埔寨,,,1,0,1,0
527,2020-02-17,加拿大,,,8,0,1,0
528,2020-02-17,韩国,,,30,0,10,0
529,2020-02-17,芬兰,,,1,0,1,0
530,2020-02-17,菲律宾,,,3,0,1,1
531,2020-02-17,法国,,,12,0,4,1
532,2020-02-17,俄罗斯,,,2,0,2,0
533,2020-02-17,德国,,,16,0,1,0
534,2020-02-17,比利时,,,1,0,1,0
535,2020-02-17,澳大利亚,,,15,0,5,0
536,2020-02-17,埃及,,,1,0,0,0
537,2020-02-17,阿联酋,,,9,0,4,0
538,2020-02-17,日本,,,59,0,14,1
539,2020-02-18,中国,,,74276,5248,14387,2006
540,2020-02-18,越南,,,16,0,9,0
541,2020-02-18,英国,,,9,0,8,0
542,2020-02-18,印度,,,3,0,2,0
543,2020-02-18,意大利,,,3,0,0,0
544,2020-02-18,新加坡,,,81,0,29,0
545,2020-02-18,西班牙,,,2,0,0,0
546,2020-02-18,泰国,,,35,0,15,0
547,2020-02-18,斯里兰卡,,,1,0,1,0
548,2020-02-18,瑞典,,,1,0,0,0
549,2020-02-18,尼泊尔,,,1,0,1,0
550,2020-02-18,美国,,,15,0,3,0
551,2020-02-18,马来西亚,,,22,0,9,0
552,2020-02-18,柬埔寨,,,1,0,1,0
553,2020-02-18,加拿大,,,8,0,1,0
554,2020-02-18,韩国,,,31,0,10,0
555,2020-02-18,芬兰,,,1,0,1,0
556,2020-02-18,菲律宾,,,3,0,1,1
557,2020-02-18,法国,,,12,0,4,1
558,2020-02-18,俄罗斯,,,2,0,2,0
559,2020-02-18,德国,,,16,0,7,0
560,2020-02-18,比利时,,,1,0,1,0
561,2020-02-18,澳大利亚,,,15,0,5,0
562,2020-02-18,埃及,,,1,0,0,0
563,2020-02-18,阿联酋,,,9,0,4,0
564,2020-02-18,日本,,,65,0,14,1
565,2020-02-19,中国,,,75101,4922,16168,2121
566,2020-02-19,越南,,,16,0,9,0
567,2020-02-19,英国,,,9,0,8,0
568,2020-02-19,印度,,,3,0,2,0
569,2020-02-19,意大利,,,3,0,0,0
570,2020-02-19,新加坡,,,84,0,34,0
571,2020-02-19,西班牙,,,2,0,0,0
572,2020-02-19,泰国,,,35,0,15,0
573,2020-02-19,斯里兰卡,,,1,0,1,0
574,2020-02-19,瑞典,,,1,0,0,0
575,2020-02-19,尼泊尔,,,1,0,1,0
576,2020-02-19,美国,,,15,0,3,0
577,2020-02-19,马来西亚,,,22,0,9,0
578,2020-02-19,柬埔寨,,,1,0,1,0
579,2020-02-19,加拿大,,,8,0,1,0
580,2020-02-19,韩国,,,51,0,10,0
581,2020-02-19,芬兰,,,1,0,1,0
582,2020-02-19,菲律宾,,,3,0,1,1
583,2020-02-19,法国,,,12,0,4,1
584,2020-02-19,俄罗斯,,,2,0,2,0
585,2020-02-19,德国,,,16,0,7,0
586,2020-02-19,比利时,,,1,0,1,0
587,2020-02-19,澳大利亚,,,15,0,5,0
588,2020-02-19,埃及,,,1,0,0,0
589,2020-02-19,阿联酋,,,9,0,4,0
590,2020-02-19,日本,,,73,0,14,1
591,2020-02-20,中国,,,75993,5206,18277,2239
592,2020-02-20,越南,,,16,0,9,0
593,2020-02-20,英国,,,9,0,8,0
594,2020-02-20,印度,,,3,0,3,0
595,2020-02-20,意大利,,,3,0,0,0
596,2020-02-20,伊朗,,,5,0,0,2
597,2020-02-20,新加坡,,,85,0,37,0
598,2020-02-20,西班牙,,,2,0,0,0
599,2020-02-20,泰国,,,35,0,17,0
600,2020-02-20,斯里兰卡,,,1,0,1,0
601,2020-02-20,瑞典,,,1,0,0,0
602,2020-02-20,尼泊尔,,,1,0,1,0
603,2020-02-20,美国,,,15,0,3,0
604,2020-02-20,马来西亚,,,22,0,15,0
605,2020-02-20,柬埔寨,,,1,0,1,0
606,2020-02-20,加拿大,,,8,0,1,0
607,2020-02-20,韩国,,,104,0,12,1
608,2020-02-20,芬兰,,,1,0,1,0
609,2020-02-20,菲律宾,,,3,0,1,1
610,2020-02-20,法国,,,12,0,4,1
611,2020-02-20,俄罗斯,,,2,0,2,0
612,2020-02-20,德国,,,16,0,7,0
613,2020-02-20,比利时,,,1,0,1,0
614,2020-02-20,澳大利亚,,,15,0,5,0
615,2020-02-20,埃及,,,1,0,0,0
616,2020-02-20,阿联酋,,,9,0,4,0
617,2020-02-20,日本,,,85,0,16,1
618,2020-02-21,中国,,,76392,5365,20672,2348
619,2020-02-21,越南,,,16,0,9,0
620,2020-02-21,英国,,,9,0,8,0
621,2020-02-21,印度,,,3,0,3,0
622,2020-02-21,意大利,,,3,0,0,0
623,2020-02-21,伊朗,,,18,0,0,2
624,2020-02-21,新加坡,,,85,0,37,0
625,2020-02-21,西班牙,,,2,0,0,0
626,2020-02-21,泰国,,,35,0,17,0
627,2020-02-21,斯里兰卡,,,1,0,1,0
628,2020-02-21,瑞典,,,1,0,0,0
629,2020-02-21,尼泊尔,,,1,0,1,0
630,2020-02-21,美国,,,15,0,3,0
631,2020-02-21,马来西亚,,,22,0,15,0
632,2020-02-21,柬埔寨,,,1,0,1,0
633,2020-02-21,加拿大,,,8,0,1,0
634,2020-02-21,韩国,,,204,0,12,2
635,2020-02-21,芬兰,,,1,0,1,0
636,2020-02-21,菲律宾,,,3,0,1,1
637,2020-02-21,法国,,,12,0,4,1
638,2020-02-21,俄罗斯,,,2,0,2,0
639,2020-02-21,德国,,,16,0,7,0
640,2020-02-21,比利时,,,1,0,1,0
641,2020-02-21,澳大利亚,,,15,0,5,0
642,2020-02-21,阿联酋,,,9,0,4,0
643,2020-02-21,日本,,,93,0,16,1
644,2020-02-22,中国,,,76846,4148,22907,2445
645,2020-02-22,越南,,,16,0,9,0
646,2020-02-22,英国,,,9,0,8,0
647,2020-02-22,印度,,,3,0,3,0
648,2020-02-22,意大利,,,33,0,0,2
649,2020-02-22,伊朗,,,28,0,0,4
650,2020-02-22,新加坡,,,89,0,49,0
651,2020-02-22,西班牙,,,2,0,0,0
652,2020-02-22,泰国,,,35,0,17,0
653,2020-02-22,斯里兰卡,,,1,0,1,0
654,2020-02-22,瑞典,,,1,0,0,0
655,2020-02-22,尼泊尔,,,1,0,1,0
656,2020-02-22,美国,,,34,0,3,0
657,2020-02-22,马来西亚,,,22,0,15,0
658,2020-02-22,黎巴嫩,,,1,0,0,0
659,2020-02-22,柬埔寨,,,1,0,1,0
660,2020-02-22,加拿大,,,9,0,1,0
661,2020-02-22,韩国,,,433,0,18,3
662,2020-02-22,芬兰,,,1,0,1,0
663,2020-02-22,菲律宾,,,3,0,1,1
664,2020-02-22,法国,,,12,0,4,1
665,2020-02-22,俄罗斯,,,2,0,2,0
666,2020-02-22,德国,,,16,0,7,0
667,2020-02-22,比利时,,,1,0,1,0
668,2020-02-22,澳大利亚,,,15,0,5,0
669,2020-02-22,阿联酋,,,13,0,4,0
670,2020-02-22,日本,,,105,0,16,1
671,2020-02-23,中国,,,77262,3434,24757,2595
672,2020-02-23,越南,,,16,0,9,0
673,2020-02-23,英国,,,9,0,8,0
674,2020-02-23,印度,,,3,0,3,0
675,2020-02-23,意大利,,,132,0,0,2
676,2020-02-23,以色列,,,1,0,0,0
677,2020-02-23,伊朗,,,28,0,0,4
678,2020-02-23,伊拉克,,,1,0,0,0
679,2020-02-23,新加坡,,,89,0,49,0
680,2020-02-23,西班牙,,,2,0,0,0
681,2020-02-23,泰国,,,35,0,17,0
682,2020-02-23,斯里兰卡,,,1,0,1,0
683,2020-02-23,瑞典,,,1,0,0,0
684,2020-02-23,尼泊尔,,,1,0,1,0
685,2020-02-23,美国,,,34,0,3,0
686,2020-02-23,马来西亚,,,22,0,18,0
687,2020-02-23,黎巴嫩,,,1,0,0,0
688,2020-02-23,柬埔寨,,,1,0,1,0
689,2020-02-23,加拿大,,,9,0,1,0
690,2020-02-23,韩国,,,602,0,18,6
691,2020-02-23,芬兰,,,1,0,1,0
692,2020-02-23,菲律宾,,,3,0,1,1
693,2020-02-23,法国,,,12,0,4,1
694,2020-02-23,俄罗斯,,,2,0,2,0
695,2020-02-23,德国,,,16,0,7,0
696,2020-02-23,比利时,,,1,0,1,0
697,2020-02-23,澳大利亚,,,17,0,5,0
698,2020-02-23,阿联酋,,,13,0,4,0
699,2020-02-23,日本,,,132,0,17,1
700,2020-02-24,中国,,,77779,2824,27353,2666
701,2020-02-24,越南,,,16,0,9,0
702,2020-02-24,英国,,,13,0,8,0
703,2020-02-24,印度,,,3,0,3,0
704,2020-02-24,意大利,,,230,0,1,7
705,2020-02-24,以色列,,,6,0,0,0
706,2020-02-24,伊朗,,,61,0,0,12
707,2020-02-24,伊拉克,,,1,0,0,0
708,2020-02-24,新加坡,,,90,0,53,0
709,2020-02-24,西班牙,,,2,0,0,0
710,2020-02-24,泰国,,,35,0,17,0
711,2020-02-24,斯里兰卡,,,1,0,1,0
712,2020-02-24,瑞典,,,1,0,0,0
713,2020-02-24,尼泊尔,,,1,0,1,0
714,2020-02-24,美国,,,34,0,3,0
715,2020-02-24,马来西亚,,,22,0,18,0
716,2020-02-24,黎巴嫩,,,1,0,0,0
717,2020-02-24,科威特,,,3,0,0,0
718,2020-02-24,柬埔寨,,,1,0,1,0
719,2020-02-24,加拿大,,,9,0,1,0
720,2020-02-24,韩国,,,833,0,22,8
721,2020-02-24,芬兰,,,1,0,1,0
722,2020-02-24,菲律宾,,,3,0,1,1
723,2020-02-24,法国,,,12,0,4,1
724,2020-02-24,俄罗斯,,,2,0,2,0
725,2020-02-24,德国,,,16,0,14,0
726,2020-02-24,比利时,,,1,0,1,0
727,2020-02-24,巴林,,,1,0,0,0
728,2020-02-24,澳大利亚,,,17,0,5,0
729,2020-02-24,阿联酋,,,13,0,4,0
730,2020-02-24,阿富汗,,,1,0,0,0
731,2020-02-24,日本,,,144,0,17,1
732,2020-02-25,中国,,,78190,2491,29775,2718
733,2020-02-25,越南,,,16,0,16,0
734,2020-02-25,英国,,,13,0,8,0
735,2020-02-25,印度,,,3,0,3,0
736,2020-02-25,意大利,,,283,0,1,7
737,2020-02-25,以色列,,,6,0,0,0
738,2020-02-25,伊朗,,,95,0,21,16
739,2020-02-25,伊拉克,,,5,0,0,0
740,2020-02-25,新加坡,,,90,0,53,0
741,2020-02-25,西班牙,,,3,0,2,0
742,2020-02-25,泰国,,,37,0,22,0
743,2020-02-25,斯里兰卡,,,1,0,1,0
744,2020-02-25,瑞士,,,1,0,0,0
745,2020-02-25,瑞典,,,1,0,0,0
746,2020-02-25,尼泊尔,,,1,0,1,0
747,2020-02-25,美国,,,53,0,3,0
748,2020-02-25,马来西亚,,,22,0,18,0
749,2020-02-25,黎巴嫩,,,1,0,0,0
750,2020-02-25,克罗地亚,,,1,0,0,0
751,2020-02-25,科威特,,,8,0,0,0
752,2020-02-25,柬埔寨,,,1,0,1,0
753,2020-02-25,加拿大,,,11,0,4,0
754,2020-02-25,韩国,,,977,0,22,11
755,2020-02-25,芬兰,,,1,0,1,0
756,2020-02-25,菲律宾,,,3,0,1,1
757,2020-02-25,法国,,,12,0,11,1
758,2020-02-25,俄罗斯,,,2,0,2,0
759,2020-02-25,德国,,,16,0,14,0
760,2020-02-25,比利时,,,1,0,1,0
761,2020-02-25,巴林,,,17,0,0,0
762,2020-02-25,澳大利亚,,,23,0,5,0
763,2020-02-25,奥地利,,,2,0,0,0
764,2020-02-25,阿曼,,,4,0,0,0
765,2020-02-25,阿联酋,,,13,0,4,0
766,2020-02-25,阿富汗,,,1,0,0,0
767,2020-02-25,日本,,,157,0,18,1
768,2020-02-26,中国,,,78630,2358,32531,2747
769,2020-02-26,越南,,,16,0,16,0
770,2020-02-26,英国,,,13,0,8,0
771,2020-02-26,印度,,,3,0,3,0
772,2020-02-26,意大利,,,374,0,1,12
773,2020-02-26,以色列,,,6,0,0,0
774,2020-02-26,伊朗,,,139,0,21,19
775,2020-02-26,伊拉克,,,5,0,0,0
776,2020-02-26,新加坡,,,93,0,53,0
777,2020-02-26,希腊,,,1,0,0,0
778,2020-02-26,西班牙,,,7,0,2,0
779,2020-02-26,泰国,,,40,0,22,0
780,2020-02-26,斯里兰卡,,,1,0,1,0
781,2020-02-26,瑞士,,,1,0,0,0
782,2020-02-26,瑞典,,,1,0,0,0
783,2020-02-26,尼泊尔,,,1,0,1,0
784,2020-02-26,美国,,,57,0,3,0
785,2020-02-26,马来西亚,,,22,0,18,0
786,2020-02-26,黎巴嫩,,,1,0,0,0
787,2020-02-26,克罗地亚,,,1,0,0,0
788,2020-02-26,科威特,,,25,0,0,0
789,2020-02-26,柬埔寨,,,1,0,1,0
790,2020-02-26,加拿大,,,11,0,4,0
791,2020-02-26,韩国,,,1261,0,22,12
792,2020-02-26,芬兰,,,1,0,1,0
793,2020-02-26,菲律宾,,,3,0,1,1
794,2020-02-26,法国,,,17,0,11,2
795,2020-02-26,俄罗斯,,,2,0,2,0
796,2020-02-26,德国,,,19,0,14,0
797,2020-02-26,比利时,,,1,0,1,0
798,2020-02-26,巴西,,,1,0,0,0
799,2020-02-26,巴林,,,26,0,0,0
800,2020-02-26,澳大利亚,,,23,0,5,0
801,2020-02-26,奥地利,,,2,0,0,0
802,2020-02-26,阿曼,,,4,0,0,0
803,2020-02-26,阿联酋,,,13,0,4,0
804,2020-02-26,阿富汗,,,1,0,0,0
805,2020-02-26,阿尔及利亚,,,1,0,0,0
806,2020-02-26,日本,,,164,0,23,1
807,2020-02-27,中国,,,78959,2308,36157,2791
808,2020-02-27,越南,,,16,0,16,0
809,2020-02-27,英国,,,15,0,8,0
810,2020-02-27,印度,,,3,0,3,0
811,2020-02-27,意大利,,,528,0,40,14
812,2020-02-27,以色列,,,6,0,0,0
813,2020-02-27,伊朗,,,245,0,54,26
814,2020-02-27,伊拉克,,,6,0,0,0
815,2020-02-27,新加坡,,,93,0,62,0
816,2020-02-27,希腊,,,3,0,0,0
817,2020-02-27,西班牙,,,13,0,2,0
818,2020-02-27,泰国,,,40,0,22,0
819,2020-02-27,斯里兰卡,,,1,0,1,0
820,2020-02-27,瑞士,,,4,0,0,0
821,2020-02-27,瑞典,,,2,0,0,0
822,2020-02-27,挪威,,,1,0,0,0
823,2020-02-27,尼泊尔,,,1,0,1,0
824,2020-02-27,美国,,,60,0,3,0
825,2020-02-27,马来西亚,,,23,0,18,0
826,2020-02-27,罗马尼亚,,,1,0,0,0
827,2020-02-27,黎巴嫩,,,2,0,0,0
828,2020-02-27,克罗地亚,,,3,0,0,0
829,2020-02-27,科威特,,,43,0,0,0
830,2020-02-27,柬埔寨,,,1,0,1,0
831,2020-02-27,加拿大,,,12,0,4,0
832,2020-02-27,韩国,,,1766,0,24,13
833,2020-02-27,格鲁吉亚,,,1,0,0,0
834,2020-02-27,芬兰,,,2,0,1,0
835,2020-02-27,菲律宾,,,3,0,1,1
836,2020-02-27,法国,,,18,0,11,2
837,2020-02-27,俄罗斯,,,5,0,2,0
838,2020-02-27,德国,,,27,0,14,0
839,2020-02-27,丹麦,,,1,0,0,0
840,2020-02-27,比利时,,,1,0,1,0
841,2020-02-27,北马其顿,,,1,0,0,0
842,2020-02-27,巴西,,,1,0,0,0
843,2020-02-27,巴林,,,33,0,0,0
844,2020-02-27,巴基斯坦,,,2,0,0,0
845,2020-02-27,澳大利亚,,,23,0,15,0
846,2020-02-27,奥地利,,,3,0,0,0
847,2020-02-27,爱沙尼亚,,,1,0,0,0
848,2020-02-27,阿曼,,,5,0,0,0
849,2020-02-27,阿联酋,,,13,0,4,0
850,2020-02-27,阿富汗,,,1,0,0,0
851,2020-02-27,阿尔及利亚,,,1,0,0,0
852,2020-02-27,日本,,,186,0,27,3
853,2020-02-28,中国,,,79389,1418,39049,2838
854,2020-02-28,越南,,,16,0,16,0
855,2020-02-28,英国,,,19,0,8,0
856,2020-02-28,印度,,,3,0,3,0
857,2020-02-28,意大利,,,653,0,45,17
858,2020-02-28,以色列,,,8,0,0,0
859,2020-02-28,伊朗,,,388,0,54,34
860,2020-02-28,伊拉克,,,6,0,0,0
861,2020-02-28,新西兰,,,1,0,0,0
862,2020-02-28,新加坡,,,93,0,62,0
863,2020-02-28,希腊,,,3,0,0,0
864,2020-02-28,西班牙,,,25,0,2,0
865,2020-02-28,泰国,,,40,0,22,0
866,2020-02-28,斯里兰卡,,,1,0,1,0
867,2020-02-28,瑞士,,,9,0,0,0
868,2020-02-28,瑞典,,,2,0,0,0
869,2020-02-28,挪威,,,4,0,0,0
870,2020-02-28,尼日利亚,,,1,0,0,0
871,2020-02-28,尼泊尔,,,1,0,1,0
872,2020-02-28,墨西哥,,,1,0,0,0
873,2020-02-28,美国,,,60,0,3,0
874,2020-02-28,马来西亚,,,25,0,18,0
875,2020-02-28,罗马尼亚,,,1,0,0,0
876,2020-02-28,立陶宛,,,1,0,0,0
877,2020-02-28,黎巴嫩,,,2,0,0,0
878,2020-02-28,克罗地亚,,,3,0,0,0
879,2020-02-28,科威特,,,45,0,0,0
880,2020-02-28,柬埔寨,,,1,0,1,0
881,2020-02-28,加拿大,,,14,0,4,0
882,2020-02-28,荷兰,,,2,0,0,0
883,2020-02-28,韩国,,,2337,0,26,16
884,2020-02-28,格鲁吉亚,,,2,0,0,0
885,2020-02-28,芬兰,,,2,0,1,0
886,2020-02-28,菲律宾,,,3,0,1,1
887,2020-02-28,法国,,,41,0,12,2
888,2020-02-28,俄罗斯,,,5,0,2,0
889,2020-02-28,德国,,,53,0,14,0
890,2020-02-28,丹麦,,,1,0,0,0
891,2020-02-28,比利时,,,1,0,1,0
892,2020-02-28,北马其顿,,,1,0,0,0
893,2020-02-28,白俄罗斯,,,1,0,0,0
894,2020-02-28,巴西,,,1,0,0,0
895,2020-02-28,巴林,,,36,0,0,0
896,2020-02-28,巴基斯坦,,,2,0,0,0
897,2020-02-28,澳大利亚,,,23,0,15,0
898,2020-02-28,奥地利,,,5,0,0,0
899,2020-02-28,爱沙尼亚,,,1,0,0,0
900,2020-02-28,埃及,,,1,0,1,0
901,2020-02-28,阿塞拜疆,,,1,0,0,0
902,2020-02-28,阿曼,,,5,0,0,0
903,2020-02-28,阿联酋,,,19,0,4,0
904,2020-02-28,阿富汗,,,1,0,0,0
905,2020-02-28,阿尔及利亚,,,1,0,0,0
906,2020-02-28,日本,,,210,0,30,4
907,2020-02-29,中国,,,79968,851,41675,2873
908,2020-02-29,越南,,,16,0,16,0
909,2020-02-29,英国,,,23,0,8,0
910,2020-02-29,印度,,,3,0,3,0
911,2020-02-29,意大利,,,889,0,46,21
912,2020-02-29,以色列,,,9,0,0,0
913,2020-02-29,伊朗,,,593,0,123,43
914,2020-02-29,伊拉克,,,8,0,0,0
915,2020-02-29,新西兰,,,1,0,0,0
916,2020-02-29,新加坡,,,102,0,69,0
917,2020-02-29,希腊,,,4,0,0,0
918,2020-02-29,西班牙,,,41,0,2,0
919,2020-02-29,泰国,,,42,0,28,0
920,2020-02-29,斯里兰卡,,,1,0,1,0
921,2020-02-29,圣马力诺,,,1,0,0,0
922,2020-02-29,瑞士,,,15,0,0,0
923,2020-02-29,瑞典,,,12,0,0,0
924,2020-02-29,挪威,,,7,0,0,0
925,2020-02-29,尼日利亚,,,1,0,0,0
926,2020-02-29,尼泊尔,,,1,0,1,0
927,2020-02-29,墨西哥,,,3,0,0,0
928,2020-02-29,摩纳哥,,,1,0,0,0
929,2020-02-29,美国,,,64,0,3,0
930,2020-02-29,马来西亚,,,25,0,22,0
931,2020-02-29,罗马尼亚,,,3,0,0,0
932,2020-02-29,立陶宛,,,1,0,0,0
933,2020-02-29,黎巴嫩,,,3,0,0,0
934,2020-02-29,克罗地亚,,,5,0,0,0
935,2020-02-29,科威特,,,45,0,0,0
936,2020-02-29,卡塔尔,,,1,0,0,0
937,2020-02-29,柬埔寨,,,1,0,1,0
938,2020-02-29,加拿大,,,16,0,4,0
939,2020-02-29,荷兰,,,4,0,0,0
940,2020-02-29,韩国,,,3150,0,27,17
941,2020-02-29,格鲁吉亚,,,3,0,0,0
942,2020-02-29,芬兰,,,3,0,1,0
943,2020-02-29,菲律宾,,,3,0,1,1
944,2020-02-29,法国,,,73,0,12,2
945,2020-02-29,俄罗斯,,,5,0,2,0
946,2020-02-29,德国,,,66,0,16,0
947,2020-02-29,丹麦,,,3,0,0,0
948,2020-02-29,冰岛,,,1,0,0,0
949,2020-02-29,比利时,,,1,0,1,0
950,2020-02-29,北马其顿,,,1,0,0,0
951,2020-02-29,白俄罗斯,,,1,0,0,0
952,2020-02-29,巴西,,,1,0,0,0
953,2020-02-29,巴林,,,41,0,0,0
954,2020-02-29,巴基斯坦,,,2,0,0,0
955,2020-02-29,澳大利亚,,,25,0,15,0
956,2020-02-29,奥地利,,,5,0,0,0
957,2020-02-29,爱沙尼亚,,,1,0,0,0
958,2020-02-29,埃及,,,1,0,1,0
959,2020-02-29,阿塞拜疆,,,3,0,0,0
960,2020-02-29,阿曼,,,6,0,0,0
961,2020-02-29,阿联酋,,,21,0,5,0
962,2020-02-29,阿富汗,,,1,0,0,0
963,2020-02-29,阿尔及利亚,,,1,0,0,0
964,2020-02-29,日本,,,230,0,33,5
965,2020-03-01,中国,,,80174,715,44518,2915
966,2020-03-01,越南,,,16,0,16,0
967,2020-03-01,英国,,,35,0,8,0
968,2020-03-01,印度,,,3,0,3,0
969,2020-03-01,意大利,,,1128,0,50,29
970,2020-03-01,以色列,,,10,0,0,0
971,2020-03-01,伊朗,,,593,0,123,54
972,2020-03-01,伊拉克,,,13,0,0,0
973,2020-03-01,亚美尼亚,,,1,0,0,0
974,2020-03-01,新西兰,,,1,0,0,0
975,2020-03-01,新加坡,,,102,0,72,0
976,2020-03-01,希腊,,,7,0,0,0
977,2020-03-01,西班牙,,,74,0,2,0
978,2020-03-01,泰国,,,42,0,28,1
979,2020-03-01,斯里兰卡,,,1,0,1,0
980,2020-03-01,圣马力诺,,,1,0,0,0
981,2020-03-01,瑞士,,,24,0,0,0
982,2020-03-01,瑞典,,,13,0,0,0
983,2020-03-01,挪威,,,17,0,0,0
984,2020-03-01,尼日利亚,,,1,0,0,0
985,2020-03-01,尼泊尔,,,1,0,1,0
986,2020-03-01,墨西哥,,,4,0,0,0
987,2020-03-01,摩纳哥,,,1,0,0,0
988,2020-03-01,美国,,,69,0,3,1
989,2020-03-01,马来西亚,,,29,0,22,0
990,2020-03-01,罗马尼亚,,,3,0,0,0
991,2020-03-01,卢森堡,,,1,0,0,0
992,2020-03-01,立陶宛,,,1,0,0,0
993,2020-03-01,黎巴嫩,,,3,0,0,0
994,2020-03-01,克罗地亚,,,7,0,0,0
995,2020-03-01,科威特,,,46,0,0,0
996,2020-03-01,卡塔尔,,,1,0,0,0
997,2020-03-01,柬埔寨,,,1,0,1,0
998,2020-03-01,加拿大,,,20,0,4,0
999,2020-03-01,荷兰,,,7,0,0,0
1000,2020-03-01,韩国,,,3736,0,27,20
1001,2020-03-01,格鲁吉亚,,,3,0,0,0
1002,2020-03-01,芬兰,,,3,0,1,0
1003,2020-03-01,菲律宾,,,3,0,1,1
1004,2020-03-01,法国,,,100,0,12,2
1005,2020-03-01,厄瓜多尔,,,1,0,0,0
1006,2020-03-01,俄罗斯,,,5,0,2,0
1007,2020-03-01,德国,,,117,0,16,0
1008,2020-03-01,丹麦,,,3,0,0,0
1009,2020-03-01,冰岛,,,1,0,0,0
1010,2020-03-01,比利时,,,2,0,1,0
1011,2020-03-01,北马其顿,,,1,0,0,0
1012,2020-03-01,白俄罗斯,,,1,0,0,0
1013,2020-03-01,巴西,,,2,0,0,0
1014,2020-03-01,巴林,,,41,0,0,0
1015,2020-03-01,巴基斯坦,,,3,0,0,0
1016,2020-03-01,澳大利亚,,,25,0,15,1
1017,2020-03-01,奥地利,,,10,0,0,0
1018,2020-03-01,爱沙尼亚,,,1,0,0,0
1019,2020-03-01,爱尔兰,,,1,0,0,0
1020,2020-03-01,埃及,,,1,0,1,0
1021,2020-03-01,阿塞拜疆,,,3,0,0,0
1022,2020-03-01,阿曼,,,6,0,0,0
1023,2020-03-01,阿联酋,,,21,0,5,0
1024,2020-03-01,阿富汗,,,1,0,0,0
1025,2020-03-01,阿尔及利亚,,,1,0,0,0
1026,2020-03-01,日本,,,239,0,33,5
1027,2020-03-02,中国,,,80302,587,47260,2946
1028,2020-03-02,越南,,,16,0,16,0
1029,2020-03-02,约旦,,,1,0,0,0
1030,2020-03-02,英国,,,40,0,8,0
1031,2020-03-02,印度尼西亚,,,2,0,0,0
1032,2020-03-02,印度,,,5,0,3,0
1033,2020-03-02,意大利,,,1731,0,83,42
1034,2020-03-02,以色列,,,10,0,0,0
1035,2020-03-02,伊朗,,,1501,0,291,66
1036,2020-03-02,伊拉克,,,21,0,0,0
1037,2020-03-02,亚美尼亚,,,1,0,0,0
1038,2020-03-02,新西兰,,,1,0,0,0
1039,2020-03-02,新加坡,,,106,0,74,0
1040,2020-03-02,希腊,,,7,0,0,0
1041,2020-03-02,西班牙,,,74,0,2,0
1042,2020-03-02,泰国,,,43,0,28,1
1043,2020-03-02,斯里兰卡,,,1,0,1,0
1044,2020-03-02,圣马力诺,,,1,0,0,0
1045,2020-03-02,瑞士,,,27,0,0,0
1046,2020-03-02,瑞典,,,14,0,0,0
1047,2020-03-02,葡萄牙,,,2,0,0,0
1048,2020-03-02,挪威,,,19,0,0,0
1049,2020-03-02,尼日利亚,,,1,0,0,0
1050,2020-03-02,尼泊尔,,,1,0,1,0
1051,2020-03-02,墨西哥,,,5,0,0,0
1052,2020-03-02,摩纳哥,,,1,0,0,0
1053,2020-03-02,美国,,,89,0,3,2
1054,2020-03-02,马来西亚,,,29,0,22,0
1055,2020-03-02,罗马尼亚,,,3,0,0,0
1056,2020-03-02,卢森堡,,,1,0,0,0
1057,2020-03-02,立陶宛,,,1,0,0,0
1058,2020-03-02,黎巴嫩,,,3,0,0,0
1059,2020-03-02,克罗地亚,,,8,0,0,0
1060,2020-03-02,科威特,,,56,0,0,0
1061,2020-03-02,卡塔尔,,,1,0,0,0
1062,2020-03-02,捷克,,,3,0,0,0
1063,2020-03-02,柬埔寨,,,1,0,1,0
1064,2020-03-02,加拿大,,,24,0,4,0
1065,2020-03-02,荷兰,,,10,0,0,0
1066,2020-03-02,韩国,,,4335,0,30,26
1067,2020-03-02,格鲁吉亚,,,3,0,0,0
1068,2020-03-02,芬兰,,,6,0,1,0
1069,2020-03-02,菲律宾,,,3,0,1,1
1070,2020-03-02,法国,,,130,0,12,2
1071,2020-03-02,厄瓜多尔,,,6,0,0,0
1072,2020-03-02,俄罗斯,,,6,0,2,0
1073,2020-03-02,多米尼加,,,1,0,0,0
1074,2020-03-02,德国,,,150,0,16,0
1075,2020-03-02,丹麦,,,4,0,0,0
1076,2020-03-02,冰岛,,,3,0,0,0
1077,2020-03-02,比利时,,,8,0,1,0
1078,2020-03-02,北马其顿,,,1,0,0,0
1079,2020-03-02,白俄罗斯,,,1,0,0,0
1080,2020-03-02,巴西,,,2,0,0,0
1081,2020-03-02,巴林,,,47,0,0,0
1082,2020-03-02,巴基斯坦,,,4,0,0,0
1083,2020-03-02,澳大利亚,,,33,0,15,1
1084,2020-03-02,奥地利,,,14,0,0,0
1085,2020-03-02,安道尔,,,1,0,0,0
1086,2020-03-02,爱沙尼亚,,,1,0,0,0
1087,2020-03-02,爱尔兰,,,1,0,0,0
1088,2020-03-02,埃及,,,2,0,1,0
1089,2020-03-02,阿塞拜疆,,,3,0,0,0
1090,2020-03-02,阿曼,,,6,0,0,0
1091,2020-03-02,阿联酋,,,21,0,5,0
1092,2020-03-02,阿富汗,,,1,0,0,0
1093,2020-03-02,阿尔及利亚,,,3,0,0,0
1094,2020-03-02,日本,,,254,0,33,6
1095,2020-03-03,中国,,,80303,587,47423,2948
1096,2020-03-03,越南,,,16,0,16,0
1097,2020-03-03,约旦,,,1,0,0,0
1098,2020-03-03,英国,,,51,0,8,0
1099,2020-03-03,印度尼西亚,,,2,0,0,0
1100,2020-03-03,印度,,,11,0,3,0
1101,2020-03-03,意大利,,,2084,0,149,52
1102,2020-03-03,以色列,,,12,0,0,0
1103,2020-03-03,伊朗,,,2336,0,435,77
1104,2020-03-03,伊拉克,,,26,0,0,0
1105,2020-03-03,亚美尼亚,,,1,0,0,0
1106,2020-03-03,新西兰,,,1,0,0,0
1107,2020-03-03,新加坡,,,110,0,78,0
1108,2020-03-03,希腊,,,7,0,0,0
1109,2020-03-03,西班牙,,,150,0,3,0
1110,2020-03-03,乌克兰,,,1,0,0,0
1111,2020-03-03,突尼斯,,,1,0,0,0
1112,2020-03-03,泰国,,,43,0,28,1
1113,2020-03-03,斯里兰卡,,,1,0,1,0
1114,2020-03-03,圣马力诺,,,1,0,0,0
1115,2020-03-03,沙特阿拉伯,,,1,0,0,0
1116,2020-03-03,塞内加尔,,,1,0,0,0
1117,2020-03-03,瑞士,,,46,0,2,0
1118,2020-03-03,瑞典,,,19,0,0,0
1119,2020-03-03,葡萄牙,,,2,0,0,0
1120,2020-03-03,挪威,,,32,0,0,0
1121,2020-03-03,尼日利亚,,,1,0,0,0
1122,2020-03-03,尼泊尔,,,1,0,1,0
1123,2020-03-03,墨西哥,,,5,0,0,0
1124,2020-03-03,摩纳哥,,,1,0,0,0
1125,2020-03-03,摩洛哥,,,1,0,0,0
1126,2020-03-03,美国,,,106,0,3,6
1127,2020-03-03,马来西亚,,,36,0,22,0
1128,2020-03-03,罗马尼亚,,,3,0,1,0
1129,2020-03-03,卢森堡,,,1,0,0,0
1130,2020-03-03,立陶宛,,,1,0,0,0
1131,2020-03-03,黎巴嫩,,,10,0,0,0
1132,2020-03-03,拉脱维亚,,,1,0,0,0
1133,2020-03-03,克罗地亚,,,9,0,0,0
1134,2020-03-03,科威特,,,56,0,0,0
1135,2020-03-03,卡塔尔,,,7,0,0,0
1136,2020-03-03,捷克,,,5,0,0,0
1137,2020-03-03,柬埔寨,,,1,0,1,0
1138,2020-03-03,加拿大,,,27,0,7,0
1139,2020-03-03,荷兰,,,24,0,0,0
1140,2020-03-03,韩国,,,5186,0,30,31
1141,2020-03-03,格鲁吉亚,,,3,0,0,0
1142,2020-03-03,芬兰,,,7,0,1,0
1143,2020-03-03,菲律宾,,,3,0,1,1
1144,2020-03-03,法国,,,204,0,12,3
1145,2020-03-03,厄瓜多尔,,,7,0,0,0
1146,2020-03-03,俄罗斯,,,6,0,2,0
1147,2020-03-03,多米尼加,,,1,0,0,0
1148,2020-03-03,德国,,,196,0,16,0
1149,2020-03-03,丹麦,,,6,0,0,0
1150,2020-03-03,冰岛,,,9,0,0,0
1151,2020-03-03,比利时,,,13,0,1,0
1152,2020-03-03,北马其顿,,,1,0,0,0
1153,2020-03-03,白俄罗斯,,,3,0,0,0
1154,2020-03-03,巴西,,,2,0,0,0
1155,2020-03-03,巴林,,,47,0,0,0
1156,2020-03-03,巴基斯坦,,,5,0,0,0
1157,2020-03-03,澳大利亚,,,40,0,15,1
1158,2020-03-03,奥地利,,,16,0,0,0
1159,2020-03-03,安道尔,,,1,0,0,0
1160,2020-03-03,爱沙尼亚,,,1,0,0,0
1161,2020-03-03,爱尔兰,,,1,0,0,0
1162,2020-03-03,埃及,,,2,0,1,0
1163,2020-03-03,阿塞拜疆,,,3,0,0,0
1164,2020-03-03,阿曼,,,12,0,2,0
1165,2020-03-03,阿联酋,,,21,0,5,0
1166,2020-03-03,阿富汗,,,1,0,0,0
1167,2020-03-03,阿尔及利亚,,,3,0,0,0
1168,2020-03-03,日本,,,268,0,35,6
1169,2020-03-04,中国,,,80565,522,52109,3015
1170,2020-03-04,智利,,,1,0,0,0
1171,2020-03-04,越南,,,16,0,16,0
1172,2020-03-04,约旦,,,1,0,0,0
1173,2020-03-04,英国,,,85,0,8,0
1174,2020-03-04,印度尼西亚,,,2,0,0,0
1175,2020-03-04,印度,,,28,0,3,0
1176,2020-03-04,意大利,,,2546,0,160,79
1177,2020-03-04,以色列,,,15,0,0,0
1178,2020-03-04,伊朗,,,2922,0,552,92
1179,2020-03-04,伊拉克,,,31,0,0,1
1180,2020-03-04,亚美尼亚,,,1,0,0,0
1181,2020-03-04,新西兰,,,2,0,0,0
1182,2020-03-04,新加坡,,,112,0,78,0
1183,2020-03-04,希腊,,,9,0,0,0
1184,2020-03-04,西班牙,,,179,0,3,1
1185,2020-03-04,乌克兰,,,1,0,0,0
1186,2020-03-04,突尼斯,,,1,0,0,0
1187,2020-03-04,泰国,,,43,0,28,1
1188,2020-03-04,斯里兰卡,,,1,0,1,0
1189,2020-03-04,圣马力诺,,,8,0,0,0
1190,2020-03-04,沙特阿拉伯,,,1,0,0,0
1191,2020-03-04,塞内加尔,,,2,0,0,0
1192,2020-03-04,瑞士,,,66,0,2,0
1193,2020-03-04,瑞典,,,35,0,0,0
1194,2020-03-04,葡萄牙,,,5,0,0,0
1195,2020-03-04,挪威,,,34,0,0,0
1196,2020-03-04,尼日利亚,,,1,0,0,0
1197,2020-03-04,尼泊尔,,,1,0,1,0
1198,2020-03-04,墨西哥,,,5,0,1,0
1199,2020-03-04,摩纳哥,,,1,0,0,0
1200,2020-03-04,摩洛哥,,,1,0,0,0
1201,2020-03-04,美国,,,126,0,3,9
1202,2020-03-04,马来西亚,,,50,0,22,0
1203,2020-03-04,罗马尼亚,,,4,0,1,0
1204,2020-03-04,卢森堡,,,1,0,0,0
1205,2020-03-04,立陶宛,,,1,0,0,0
1206,2020-03-04,黎巴嫩,,,13,0,1,0
1207,2020-03-04,拉脱维亚,,,1,0,0,0
1208,2020-03-04,克罗地亚,,,9,0,0,0
1209,2020-03-04,科威特,,,56,0,0,0
1210,2020-03-04,卡塔尔,,,7,0,0,0
1211,2020-03-04,捷克,,,5,0,0,0
1212,2020-03-04,柬埔寨,,,1,0,1,0
1213,2020-03-04,加拿大,,,33,0,7,0
1214,2020-03-04,荷兰,,,38,0,0,0
1215,2020-03-04,韩国,,,5621,0,34,35
1216,2020-03-04,格鲁吉亚,,,3,0,0,0
1217,2020-03-04,芬兰,,,7,0,1,0
1218,2020-03-04,菲律宾,,,3,0,1,1
1219,2020-03-04,法国,,,257,0,12,4
1220,2020-03-04,厄瓜多尔,,,7,0,0,0
1221,2020-03-04,俄罗斯,,,6,0,2,0
1222,2020-03-04,多米尼加,,,1,0,0,0
1223,2020-03-04,德国,,,240,0,16,0
1224,2020-03-04,丹麦,,,10,0,0,0
1225,2020-03-04,波兰,,,1,0,0,0
1226,2020-03-04,冰岛,,,16,0,1,0
1227,2020-03-04,比利时,,,23,0,1,0
1228,2020-03-04,北马其顿,,,1,0,0,0
1229,2020-03-04,白俄罗斯,,,6,0,0,0
1230,2020-03-04,巴西,,,2,0,0,0
1231,2020-03-04,巴林,,,50,0,0,0
1232,2020-03-04,巴基斯坦,,,5,0,0,0
1233,2020-03-04,澳大利亚,,,50,0,15,2
1234,2020-03-04,奥地利,,,24,0,0,0
1235,2020-03-04,安道尔,,,1,0,0,0
1236,2020-03-04,爱沙尼亚,,,1,0,0,0
1237,2020-03-04,爱尔兰,,,2,0,0,0
1238,2020-03-04,埃及,,,2,0,1,0
1239,2020-03-04,阿塞拜疆,,,3,0,0,0
1240,2020-03-04,阿曼,,,12,0,2,0
1241,2020-03-04,阿联酋,,,27,0,5,0
1242,2020-03-04,阿根廷,,,1,0,0,0
1243,2020-03-04,阿富汗,,,1,0,0,0
1244,2020-03-04,阿尔及利亚,,,8,0,0,0
1245,2020-03-04,日本,,,284,0,37,6
1246,2020-03-05,中国,,,80580,522,52294,3016
1247,2020-03-05,智利,,,3,0,0,0
1248,2020-03-05,越南,,,16,0,16,0
1249,2020-03-05,约旦,,,1,0,0,0
1250,2020-03-05,英国,,,90,0,8,0
1251,2020-03-05,印度尼西亚,,,2,0,0,0
1252,2020-03-05,印度,,,30,0,3,0
1253,2020-03-05,意大利,,,3144,0,276,107
1254,2020-03-05,以色列,,,15,0,0,0
1255,2020-03-05,伊朗,,,3513,0,552,107
1256,2020-03-05,伊拉克,,,31,0,0,3
1257,2020-03-05,亚美尼亚,,,1,0,0,0
1258,2020-03-05,匈牙利,,,2,0,0,0
1259,2020-03-05,新西兰,,,3,0,0,0
1260,2020-03-05,新加坡,,,117,0,78,0
1261,2020-03-05,希腊,,,31,0,0,0
1262,2020-03-05,西班牙,,,248,0,3,2
1263,2020-03-05,乌克兰,,,1,0,0,0
1264,2020-03-05,突尼斯,,,1,0,0,0
1265,2020-03-05,泰国,,,47,0,28,1
1266,2020-03-05,斯洛文尼亚,,,1,0,0,0
1267,2020-03-05,斯里兰卡,,,1,0,1,0
1268,2020-03-05,圣马力诺,,,8,0,0,0
1269,2020-03-05,沙特阿拉伯,,,2,0,0,0
1270,2020-03-05,塞内加尔,,,4,0,0,0
1271,2020-03-05,瑞士,,,81,0,2,1
1272,2020-03-05,瑞典,,,60,0,0,0
1273,2020-03-05,葡萄牙,,,5,0,0,0
1274,2020-03-05,挪威,,,72,0,0,0
1275,2020-03-05,尼日利亚,,,1,0,0,0
1276,2020-03-05,尼泊尔,,,1,0,1,0
1277,2020-03-05,南非,,,1,0,0,0
1278,2020-03-05,墨西哥,,,5,0,1,0
1279,2020-03-05,摩纳哥,,,1,0,0,0
1280,2020-03-05,摩洛哥,,,2,0,0,0
1281,2020-03-05,美国,,,161,0,3,11
1282,2020-03-05,马来西亚,,,55,0,22,0
1283,2020-03-05,罗马尼亚,,,6,0,1,0
1284,2020-03-05,卢森堡,,,1,0,0,0
1285,2020-03-05,立陶宛,,,1,0,0,0
1286,2020-03-05,黎巴嫩,,,15,0,1,0
1287,2020-03-05,拉脱维亚,,,1,0,0,0
1288,2020-03-05,克罗地亚,,,10,0,0,0
1289,2020-03-05,科威特,,,58,0,0,0
1290,2020-03-05,卡塔尔,,,8,0,0,0
1291,2020-03-05,捷克,,,8,0,0,0
1292,2020-03-05,柬埔寨,,,1,0,1,0
1293,2020-03-05,加拿大,,,34,0,7,0
1294,2020-03-05,荷兰,,,82,0,0,0
1295,2020-03-05,韩国,,,6088,0,88,41
1296,2020-03-05,格鲁吉亚,,,3,0,0,0
1297,2020-03-05,芬兰,,,12,0,1,0
1298,2020-03-05,菲律宾,,,3,0,1,1
1299,2020-03-05,法国,,,377,0,12,6
1300,2020-03-05,厄瓜多尔,,,10,0,0,0
1301,2020-03-05,俄罗斯,,,7,0,2,0
1302,2020-03-05,多米尼加,,,1,0,0,0
1303,2020-03-05,德国,,,349,0,16,0
1304,2020-03-05,丹麦,,,15,0,0,0
1305,2020-03-05,波兰,,,1,0,0,0
1306,2020-03-05,波黑,,,1,0,0,0
1307,2020-03-05,冰岛,,,34,0,1,0
1308,2020-03-05,比利时,,,50,0,1,0
1309,2020-03-05,北马其顿,,,1,0,0,0
1310,2020-03-05,白俄罗斯,,,6,0,0,0
1311,2020-03-05,巴西,,,3,0,0,0
1312,2020-03-05,巴林,,,50,0,0,0
1313,2020-03-05,巴基斯坦,,,5,0,0,0
1314,2020-03-05,澳大利亚,,,57,0,15,2
1315,2020-03-05,奥地利,,,24,0,0,0
1316,2020-03-05,安道尔,,,1,0,0,0
1317,2020-03-05,爱沙尼亚,,,2,0,0,0
1318,2020-03-05,爱尔兰,,,6,0,0,0
1319,2020-03-05,埃及,,,3,0,1,0
1320,2020-03-05,阿塞拜疆,,,3,0,0,0
1321,2020-03-05,阿曼,,,16,0,2,0
1322,2020-03-05,阿联酋,,,28,0,5,0
1323,2020-03-05,阿根廷,,,1,0,0,0
1324,2020-03-05,阿富汗,,,1,0,0,0
1325,2020-03-05,阿尔及利亚,,,17,0,0,0
1326,2020-03-05,日本,,,317,0,49,6
1327,2020-03-06,中国,,,80813,502,55477,3073
1328,2020-03-06,智利,,,4,0,0,0
1329,2020-03-06,直布罗陀,,,1,0,0,0
1330,2020-03-06,越南,,,16,0,16,0
1331,2020-03-06,约旦,,,1,0,0,0
1332,2020-03-06,英国,,,163,0,8,1
1333,2020-03-06,印度尼西亚,,,4,0,0,0
1334,2020-03-06,印度,,,31,0,3,0
1335,2020-03-06,意大利,,,3927,0,414,148
1336,2020-03-06,以色列,,,17,0,0,0
1337,2020-03-06,伊朗,,,4747,0,739,124
1338,2020-03-06,伊拉克,,,38,0,0,3
1339,2020-03-06,亚美尼亚,,,1,0,0,0
1340,2020-03-06,匈牙利,,,4,0,0,0
1341,2020-03-06,新西兰,,,4,0,0,0
1342,2020-03-06,新加坡,,,130,0,81,0
1343,2020-03-06,希腊,,,45,0,0,0
1344,2020-03-06,西班牙,,,365,0,3,5
1345,2020-03-06,乌克兰,,,1,0,0,0
1346,2020-03-06,突尼斯,,,1,0,0,0
1347,2020-03-06,泰国,,,48,0,28,1
1348,2020-03-06,斯洛文尼亚,,,6,0,0,0
1349,2020-03-06,斯洛伐克,,,1,0,0,0
1350,2020-03-06,斯里兰卡,,,1,0,1,0
1351,2020-03-06,圣马力诺,,,23,0,0,0
1352,2020-03-06,沙特阿拉伯,,,5,0,0,0
1353,2020-03-06,塞内加尔,,,4,0,0,0
1354,2020-03-06,塞尔维亚,,,1,0,0,0
1355,2020-03-06,瑞士,,,210,0,3,1
1356,2020-03-06,瑞典,,,94,0,0,0
1357,2020-03-06,葡萄牙,,,7,0,0,0
1358,2020-03-06,挪威,,,90,0,0,0
1359,2020-03-06,尼日利亚,,,1,0,0,0
1360,2020-03-06,尼泊尔,,,1,0,1,0
1361,2020-03-06,南非,,,1,0,0,0
1362,2020-03-06,墨西哥,,,5,0,1,0
1363,2020-03-06,摩纳哥,,,1,0,0,0
1364,2020-03-06,摩洛哥,,,2,0,0,0
1365,2020-03-06,美国,,,233,0,3,14
1366,2020-03-06,马来西亚,,,83,0,22,0
1367,2020-03-06,罗马尼亚,,,7,0,1,0
1368,2020-03-06,卢森堡,,,1,0,0,0
1369,2020-03-06,列支敦士登,,,1,0,0,0
1370,2020-03-06,立陶宛,,,1,0,0,0
1371,2020-03-06,黎巴嫩,,,15,0,1,0
1372,2020-03-06,拉脱维亚,,,1,0,0,0
1373,2020-03-06,克罗地亚,,,11,0,0,0
1374,2020-03-06,科威特,,,58,0,0,0
1375,2020-03-06,卡塔尔,,,11,0,0,0
1376,2020-03-06,喀麦隆,,,1,0,0,0
1377,2020-03-06,捷克,,,12,0,0,0
1378,2020-03-06,柬埔寨,,,1,0,1,0
1379,2020-03-06,加拿大,,,48,0,7,0
1380,2020-03-06,荷兰,,,128,0,0,1
1381,2020-03-06,韩国,,,6593,0,108,43
1382,2020-03-06,格鲁吉亚,,,3,0,0,0
1383,2020-03-06,芬兰,,,15,0,1,0
1384,2020-03-06,菲律宾,,,5,0,1,1
1385,2020-03-06,梵蒂冈,,,1,0,0,0
1386,2020-03-06,法国,,,577,0,12,9
1387,2020-03-06,厄瓜多尔,,,13,0,0,0
1388,2020-03-06,俄罗斯,,,13,0,2,0
1389,2020-03-06,多米尼加,,,1,0,0,0
1390,2020-03-06,德国,,,565,0,16,0
1391,2020-03-06,丹麦,,,20,0,0,0
1392,2020-03-06,不丹,,,1,0,0,0
1393,2020-03-06,波兰,,,1,0,0,0
1394,2020-03-06,波黑,,,2,0,0,0
1395,2020-03-06,冰岛,,,37,0,1,0
1396,2020-03-06,秘鲁,,,1,0,0,0
1397,2020-03-06,比利时,,,109,0,1,0
1398,2020-03-06,北马其顿,,,1,0,0,0
1399,2020-03-06,白俄罗斯,,,6,0,0,0
1400,2020-03-06,巴西,,,8,0,0,0
1401,2020-03-06,巴林,,,56,0,0,0
1402,2020-03-06,巴勒斯坦,,,7,0,0,0
1403,2020-03-06,巴基斯坦,,,6,0,0,0
1404,2020-03-06,澳大利亚,,,66,0,15,3
1405,2020-03-06,奥地利,,,41,0,0,0
1406,2020-03-06,安道尔,,,1,0,0,0
1407,2020-03-06,爱沙尼亚,,,5,0,0,0
1408,2020-03-06,爱尔兰,,,13,0,0,0
1409,2020-03-06,埃及,,,15,0,1,0
1410,2020-03-06,阿塞拜疆,,,3,0,0,0
1411,2020-03-06,阿曼,,,16,0,2,0
1412,2020-03-06,阿联酋,,,29,0,5,0
1413,2020-03-06,阿根廷,,,1,0,0,0
1414,2020-03-06,阿富汗,,,1,0,0,0
1415,2020-03-06,阿尔及利亚,,,17,0,0,0
1416,2020-03-06,日本,,,349,0,69,6
1417,2020-03-07,中国,,,80859,458,57143,3100
1418,2020-03-07,智利,,,5,0,0,0
1419,2020-03-07,直布罗陀,,,1,0,0,0
1420,2020-03-07,越南,,,18,0,16,0
1421,2020-03-07,约旦,,,1,0,0,0
1422,2020-03-07,英国,,,206,0,8,2
1423,2020-03-07,印度尼西亚,,,4,0,0,0
1424,2020-03-07,印度,,,33,0,3,0
1425,2020-03-07,意大利,,,4680,0,523,197
1426,2020-03-07,以色列,,,21,0,2,0
1427,2020-03-07,伊朗,,,5823,0,739,145
1428,2020-03-07,伊拉克,,,46,0,0,4
1429,2020-03-07,亚美尼亚,,,1,0,0,0
1430,2020-03-07,匈牙利,,,4,0,0,0
1431,2020-03-07,新西兰,,,5,0,0,0
1432,2020-03-07,新加坡,,,138,0,81,0
1433,2020-03-07,希腊,,,46,0,0,0
1434,2020-03-07,西班牙,,,430,0,3,8
1435,2020-03-07,乌克兰,,,1,0,0,0
1436,2020-03-07,突尼斯,,,1,0,0,0
1437,2020-03-07,泰国,,,50,0,28,1
1438,2020-03-07,斯洛文尼亚,,,7,0,0,0
1439,2020-03-07,斯洛伐克,,,1,0,0,0
1440,2020-03-07,斯里兰卡,,,1,0,1,0
1441,2020-03-07,圣马力诺,,,23,0,0,1
1442,2020-03-07,沙特阿拉伯,,,8,0,0,0
1443,2020-03-07,塞内加尔,,,4,0,0,0
1444,2020-03-07,塞尔维亚,,,1,0,0,0
1445,2020-03-07,瑞士,,,228,0,3,1
1446,2020-03-07,瑞典,,,161,0,0,0
1447,2020-03-07,葡萄牙,,,15,0,0,0
1448,2020-03-07,挪威,,,136,0,0,0
1449,2020-03-07,尼日利亚,,,1,0,0,0
1450,2020-03-07,尼泊尔,,,1,0,1,0
1451,2020-03-07,南非,,,2,0,0,0
1452,2020-03-07,墨西哥,,,6,0,1,0
1453,2020-03-07,摩纳哥,,,1,0,0,0
1454,2020-03-07,摩洛哥,,,2,0,0,0
1455,2020-03-07,美国,,,338,0,10,17
1456,2020-03-07,马来西亚,,,93,0,22,0
1457,2020-03-07,马耳他,,,1,0,0,0
1458,2020-03-07,罗马尼亚,,,9,0,1,0
1459,2020-03-07,卢森堡,,,3,0,0,0
1460,2020-03-07,列支敦士登,,,1,0,0,0
1461,2020-03-07,立陶宛,,,1,0,0,0
1462,2020-03-07,黎巴嫩,,,16,0,1,0
1463,2020-03-07,拉脱维亚,,,1,0,0,0
1464,2020-03-07,克罗地亚,,,12,0,0,0
1465,2020-03-07,科威特,,,61,0,0,0
1466,2020-03-07,卡塔尔,,,11,0,0,0
1467,2020-03-07,喀麦隆,,,2,0,0,0
1468,2020-03-07,捷克,,,19,0,0,0
1469,2020-03-07,柬埔寨,,,1,0,1,0
1470,2020-03-07,加拿大,,,54,0,7,0
1471,2020-03-07,荷兰,,,128,0,0,1
1472,2020-03-07,韩国,,,7041,0,118,44
1473,2020-03-07,格鲁吉亚,,,9,0,0,0
1474,2020-03-07,哥斯达黎加,,,1,0,0,0
1475,2020-03-07,哥伦比亚,,,1,0,0,0
1476,2020-03-07,芬兰,,,19,0,1,0
1477,2020-03-07,菲律宾,,,6,0,1,1
1478,2020-03-07,梵蒂冈,,,1,0,0,0
1479,2020-03-07,法国,,,716,0,12,11
1480,2020-03-07,厄瓜多尔,,,14,0,0,0
1481,2020-03-07,俄罗斯,,,14,0,2,0
1482,2020-03-07,多米尼加,,,1,0,0,0
1483,2020-03-07,多哥,,,1,0,0,0
1484,2020-03-07,德国,,,684,0,17,0
1485,2020-03-07,丹麦,,,27,0,0,0
1486,2020-03-07,不丹,,,1,0,0,0
1487,2020-03-07,波兰,,,5,0,0,0
1488,2020-03-07,波黑,,,3,0,0,0
1489,2020-03-07,冰岛,,,43,0,1,0
1490,2020-03-07,秘鲁,,,1,0,0,0
1491,2020-03-07,比利时,,,169,0,1,0
1492,2020-03-07,北马其顿,,,3,0,0,0
1493,2020-03-07,白俄罗斯,,,6,0,0,0
1494,2020-03-07,巴西,,,13,0,0,0
1495,2020-03-07,巴林,,,56,0,4,0
1496,2020-03-07,巴勒斯坦,,,16,0,0,0
1497,2020-03-07,巴基斯坦,,,6,0,0,0
1498,2020-03-07,澳大利亚,,,64,0,15,2
1499,2020-03-07,奥地利,,,66,0,0,0
1500,2020-03-07,安道尔,,,1,0,0,0
1501,2020-03-07,爱沙尼亚,,,10,0,0,0
1502,2020-03-07,爱尔兰,,,18,0,0,0
1503,2020-03-07,埃及,,,15,0,1,0
1504,2020-03-07,阿塞拜疆,,,3,0,0,0
1505,2020-03-07,阿曼,,,16,0,2,0
1506,2020-03-07,阿联酋,,,45,0,5,0
1507,2020-03-07,阿根廷,,,8,0,0,0
1508,2020-03-07,阿富汗,,,4,0,0,0
1509,2020-03-07,阿尔及利亚,,,19,0,0,0
1510,2020-03-07,日本,,,408,0,76,6
1511,2020-03-08,中国,,,80904,421,58684,3123
1512,2020-03-08,智利,,,7,0,0,0
1513,2020-03-08,直布罗陀,,,1,0,0,0
1514,2020-03-08,越南,,,30,0,16,0
1515,2020-03-08,约旦,,,1,0,0,0
1516,2020-03-08,英国,,,273,0,18,2
1517,2020-03-08,印度尼西亚,,,6,0,0,0
1518,2020-03-08,印度,,,40,0,3,0
1519,2020-03-08,意大利,,,6092,0,589,233
1520,2020-03-08,以色列,,,25,0,2,0
1521,2020-03-08,伊朗,,,6566,0,1669,194
1522,2020-03-08,伊拉克,,,54,0,0,4
1523,2020-03-08,亚美尼亚,,,1,0,0,0
1524,2020-03-08,匈牙利,,,5,0,0,0
1525,2020-03-08,新西兰,,,5,0,0,0
1526,2020-03-08,新加坡,,,150,0,90,0
1527,2020-03-08,希腊,,,73,0,0,0
1528,2020-03-08,西班牙,,,613,0,30,13
1529,2020-03-08,乌克兰,,,1,0,0,0
1530,2020-03-08,突尼斯,,,1,0,0,0
1531,2020-03-08,泰国,,,50,0,33,1
1532,2020-03-08,斯洛文尼亚,,,12,0,0,0
1533,2020-03-08,斯洛伐克,,,3,0,0,0
1534,2020-03-08,斯里兰卡,,,1,0,1,0
1535,2020-03-08,圣马力诺,,,26,0,0,1
1536,2020-03-08,沙特阿拉伯,,,11,0,0,0
1537,2020-03-08,塞内加尔,,,4,0,0,0
1538,2020-03-08,塞尔维亚,,,1,0,0,0
1539,2020-03-08,瑞士,,,281,0,3,2
1540,2020-03-08,瑞典,,,203,0,0,0
1541,2020-03-08,葡萄牙,,,21,0,0,0
1542,2020-03-08,挪威,,,157,0,0,0
1543,2020-03-08,尼日利亚,,,1,0,0,0
1544,2020-03-08,尼泊尔,,,1,0,1,0
1545,2020-03-08,南非,,,2,0,0,0
1546,2020-03-08,墨西哥,,,7,0,1,0
1547,2020-03-08,摩纳哥,,,1,0,0,0
1548,2020-03-08,摩洛哥,,,2,0,0,0
1549,2020-03-08,摩尔多瓦,,,1,0,0,0
1550,2020-03-08,孟加拉国,,,1,0,0,0
1551,2020-03-08,美国,,,445,0,10,19
1552,2020-03-08,马来西亚,,,99,0,23,0
1553,2020-03-08,马耳他,,,1,0,0,0
1554,2020-03-08,马尔代夫,,,2,0,0,0
1555,2020-03-08,罗马尼亚,,,14,0,3,0
1556,2020-03-08,卢森堡,,,3,0,0,0
1557,2020-03-08,列支敦士登,,,1,0,0,0
1558,2020-03-08,立陶宛,,,1,0,0,0
1559,2020-03-08,黎巴嫩,,,28,0,1,0
1560,2020-03-08,拉脱维亚,,,1,0,0,0
1561,2020-03-08,克罗地亚,,,12,0,0,0
1562,2020-03-08,科威特,,,64,0,0,0
1563,2020-03-08,卡塔尔,,,12,0,0,0
1564,2020-03-08,喀麦隆,,,2,0,0,0
1565,2020-03-08,捷克,,,26,0,0,0
1566,2020-03-08,柬埔寨,,,2,0,1,0
1567,2020-03-08,加拿大,,,60,0,8,0
1568,2020-03-08,荷兰,,,265,0,0,1
1569,2020-03-08,韩国,,,7313,0,130,50
1570,2020-03-08,格鲁吉亚,,,13,0,0,0
1571,2020-03-08,哥斯达黎加,,,1,0,0,0
1572,2020-03-08,哥伦比亚,,,1,0,0,0
1573,2020-03-08,芬兰,,,23,0,1,0
1574,2020-03-08,菲律宾,,,6,0,1,1
1575,2020-03-08,梵蒂冈,,,1,0,0,0
1576,2020-03-08,法国,,,949,0,12,16
1577,2020-03-08,厄瓜多尔,,,14,0,0,0
1578,2020-03-08,俄罗斯,,,17,0,2,0
1579,2020-03-08,多米尼加,,,1,0,0,0
1580,2020-03-08,多哥,,,1,0,0,0
1581,2020-03-08,德国,,,939,0,18,0
1582,2020-03-08,丹麦,,,35,0,1,0
1583,2020-03-08,不丹,,,1,0,0,0
1584,2020-03-08,波兰,,,8,0,0,0
1585,2020-03-08,波黑,,,3,0,0,0
1586,2020-03-08,冰岛,,,50,0,1,0
1587,2020-03-08,秘鲁,,,6,0,0,0
1588,2020-03-08,比利时,,,200,0,1,0
1589,2020-03-08,北马其顿,,,3,0,0,0
1590,2020-03-08,保加利亚,,,4,0,0,0
1591,2020-03-08,白俄罗斯,,,6,0,0,0
1592,2020-03-08,巴西,,,19,0,0,0
1593,2020-03-08,巴林,,,85,0,6,0
1594,2020-03-08,巴勒斯坦,,,19,0,0,0
1595,2020-03-08,巴拉圭,,,1,0,0,0
1596,2020-03-08,巴基斯坦,,,6,0,1,0
1597,2020-03-08,澳大利亚,,,76,0,21,3
1598,2020-03-08,奥地利,,,104,0,0,0
1599,2020-03-08,安道尔,,,1,0,1,0
1600,2020-03-08,爱沙尼亚,,,10,0,0,0
1601,2020-03-08,爱尔兰,,,19,0,0,0
1602,2020-03-08,埃及,,,48,0,1,0
1603,2020-03-08,阿塞拜疆,,,9,0,0,0
1604,2020-03-08,阿曼,,,16,0,2,0
1605,2020-03-08,阿联酋,,,45,0,7,0
1606,2020-03-08,阿根廷,,,8,0,0,1
1607,2020-03-08,阿富汗,,,4,0,0,0
1608,2020-03-08,阿尔及利亚,,,20,0,0,0
1609,2020-03-08,日本,,,455,0,80,6
1610,2020-03-09,钻石公主号邮轮,,,696,0,245,7
1611,2020-03-09,中国,,,80924,349,59982,3140
1612,2020-03-09,智利,,,8,0,0,0
1613,2020-03-09,直布罗陀,,,1,0,0,0
1614,2020-03-09,越南,,,30,0,16,0
1615,2020-03-09,约旦,,,1,0,0,0
1616,2020-03-09,英国,,,319,0,18,3
1617,2020-03-09,印度尼西亚,,,19,0,0,0
1618,2020-03-09,印度,,,43,0,3,0
1619,2020-03-09,意大利,,,7424,0,622,366
1620,2020-03-09,以色列,,,39,0,2,0
1621,2020-03-09,伊朗,,,7161,0,2134,237
1622,2020-03-09,伊拉克,,,61,0,1,6
1623,2020-03-09,亚美尼亚,,,1,0,0,0
1624,2020-03-09,匈牙利,,,9,0,0,0
1625,2020-03-09,新西兰,,,5,0,0,0
1626,2020-03-09,新加坡,,,160,0,90,0
1627,2020-03-09,希腊,,,73,0,0,0
1628,2020-03-09,西班牙,,,909,0,30,25
1629,2020-03-09,乌克兰,,,1,0,0,0
1630,2020-03-09,文莱,,,1,0,0,0
1631,2020-03-09,突尼斯,,,2,0,0,0
1632,2020-03-09,泰国,,,50,0,33,1
1633,2020-03-09,斯洛文尼亚,,,16,0,0,0
1634,2020-03-09,斯洛伐克,,,5,0,0,0
1635,2020-03-09,斯里兰卡,,,1,0,1,0
1636,2020-03-09,圣马力诺,,,36,0,0,1
1637,2020-03-09,圣马丁,,,2,0,0,0
1638,2020-03-09,圣巴泰勒米,,,1,0,0,0
1639,2020-03-09,沙特阿拉伯,,,15,0,0,0
1640,2020-03-09,塞内加尔,,,4,0,0,0
1641,2020-03-09,塞尔维亚,,,1,0,0,0
1642,2020-03-09,瑞士,,,337,0,3,2
1643,2020-03-09,瑞典,,,248,0,0,0
1644,2020-03-09,葡萄牙,,,30,0,0,0
1645,2020-03-09,挪威,,,176,0,0,0
1646,2020-03-09,尼日利亚,,,2,0,0,0
1647,2020-03-09,尼泊尔,,,1,0,1,0
1648,2020-03-09,南非,,,3,0,0,0
1649,2020-03-09,墨西哥,,,7,0,1,0
1650,2020-03-09,摩纳哥,,,1,0,0,0
1651,2020-03-09,摩洛哥,,,2,0,0,0
1652,2020-03-09,摩尔多瓦,,,1,0,0,0
1653,2020-03-09,孟加拉国,,,3,0,0,0
1654,2020-03-09,美国,,,572,0,10,22
1655,2020-03-09,马提尼克,,,2,0,0,0
1656,2020-03-09,马来西亚,,,117,0,24,0
1657,2020-03-09,马耳他,,,3,0,0,0
1658,2020-03-09,马尔代夫,,,4,0,0,0
1659,2020-03-09,罗马尼亚,,,15,0,3,0
1660,2020-03-09,卢森堡,,,5,0,0,0
1661,2020-03-09,列支敦士登,,,1,0,0,0
1662,2020-03-09,立陶宛,,,1,0,0,0
1663,2020-03-09,黎巴嫩,,,32,0,1,0
1664,2020-03-09,拉脱维亚,,,6,0,0,0
1665,2020-03-09,克罗地亚,,,12,0,0,0
1666,2020-03-09,科威特,,,65,0,0,0
1667,2020-03-09,卡塔尔,,,15,0,0,0
1668,2020-03-09,喀麦隆,,,2,0,0,0
1669,2020-03-09,捷克,,,32,0,0,0
1670,2020-03-09,柬埔寨,,,2,0,1,0
1671,2020-03-09,加拿大,,,66,0,8,0
1672,2020-03-09,荷兰,,,321,0,0,3
1673,2020-03-09,韩国,,,7478,0,166,53
1674,2020-03-09,格鲁吉亚,,,15,0,0,0
1675,2020-03-09,哥斯达黎加,,,9,0,0,0
1676,2020-03-09,哥伦比亚,,,3,0,0,0
1677,2020-03-09,芬兰,,,30,0,1,0
1678,2020-03-09,菲律宾,,,20,0,2,1
1679,2020-03-09,梵蒂冈,,,1,0,0,0
1680,2020-03-09,法属圭亚那,,,5,0,0,0
1681,2020-03-09,法罗群岛,,,1,0,0,0
1682,2020-03-09,法国,,,1209,0,12,21
1683,2020-03-09,厄瓜多尔,,,14,0,0,0
1684,2020-03-09,俄罗斯,,,20,0,2,0
1685,2020-03-09,多米尼加,,,1,0,0,0
1686,2020-03-09,多哥,,,1,0,0,0
1687,2020-03-09,德国,,,1112,0,18,0
1688,2020-03-09,丹麦,,,35,0,1,0
1689,2020-03-09,不丹,,,1,0,0,0
1690,2020-03-09,波兰,,,16,0,0,0
1691,2020-03-09,波黑,,,3,0,0,0
1692,2020-03-09,冰岛,,,58,0,1,0
1693,2020-03-09,秘鲁,,,7,0,0,0
1694,2020-03-09,比利时,,,239,0,1,0
1695,2020-03-09,北马其顿,,,4,0,0,0
1696,2020-03-09,保加利亚,,,4,0,0,0
1697,2020-03-09,白俄罗斯,,,6,0,0,0
1698,2020-03-09,巴西,,,25,0,0,0
1699,2020-03-09,巴林,,,109,0,14,0
1700,2020-03-09,巴勒斯坦,,,19,0,0,0
1701,2020-03-09,巴拉圭,,,1,0,0,0
1702,2020-03-09,巴基斯坦,,,7,0,1,0
1703,2020-03-09,澳大利亚,,,83,0,22,3
1704,2020-03-09,奥地利,,,104,0,0,0
1705,2020-03-09,安道尔,,,1,0,1,0
1706,2020-03-09,爱沙尼亚,,,10,0,0,0
1707,2020-03-09,爱尔兰,,,21,0,0,0
1708,2020-03-09,埃及,,,55,0,12,1
1709,2020-03-09,阿塞拜疆,,,9,0,0,0
1710,2020-03-09,阿曼,,,18,0,2,0
1711,2020-03-09,阿联酋,,,59,0,7,0
1712,2020-03-09,阿根廷,,,12,0,0,1
1713,2020-03-09,阿富汗,,,4,0,0,0
1714,2020-03-09,阿尔及利亚,,,20,0,0,0
1715,2020-03-09,阿尔巴尼亚,,,2,0,0,0
1716,2020-03-09,日本,,,488,0,80,7
1717,2020-03-10,钻石公主号邮轮,,,696,0,245,7
1718,2020-03-10,中国,,,80955,285,61567,3162
1719,2020-03-10,智利,,,13,0,0,0
1720,2020-03-10,直布罗陀,,,1,0,0,0
1721,2020-03-10,越南,,,34,0,16,0
1722,2020-03-10,约旦,,,1,0,0,0
1723,2020-03-10,英国,,,373,0,18,6
1724,2020-03-10,印度尼西亚,,,27,0,0,0
1725,2020-03-10,印度,,,59,0,3,0
1726,2020-03-10,意大利,,,9172,0,724,463
1727,2020-03-10,以色列,,,58,0,2,0
1728,2020-03-10,伊朗,,,8042,0,2731,291
1729,2020-03-10,伊拉克,,,67,0,9,7
1730,2020-03-10,亚美尼亚,,,1,0,0,0
1731,2020-03-10,匈牙利,,,9,0,0,0
1732,2020-03-10,新西兰,,,5,0,0,0
1733,2020-03-10,新加坡,,,166,0,90,0
1734,2020-03-10,希腊,,,89,0,0,0
1735,2020-03-10,西班牙,,,1648,0,30,35
1736,2020-03-10,乌克兰,,,1,0,0,0
1737,2020-03-10,文莱,,,6,0,0,0
1738,2020-03-10,突尼斯,,,5,0,0,0
1739,2020-03-10,泰国,,,53,0,33,1
1740,2020-03-10,斯洛文尼亚,,,25,0,0,0
1741,2020-03-10,斯洛伐克,,,7,0,0,0
1742,2020-03-10,斯里兰卡,,,1,0,1,0
1743,2020-03-10,圣马力诺,,,51,0,0,2
1744,2020-03-10,圣马丁,,,2,0,0,0
1745,2020-03-10,圣巴泰勒米,,,1,0,0,0
1746,2020-03-10,沙特阿拉伯,,,20,0,0,0
1747,2020-03-10,塞浦路斯,,,2,0,0,0
1748,2020-03-10,塞内加尔,,,4,0,0,0
1749,2020-03-10,塞尔维亚,,,4,0,0,0
1750,2020-03-10,瑞士,,,476,0,3,3
1751,2020-03-10,瑞典,,,326,0,0,0
1752,2020-03-10,葡萄牙,,,30,0,0,0
1753,2020-03-10,挪威,,,176,0,0,0
1754,2020-03-10,尼日利亚,,,2,0,0,0
1755,2020-03-10,尼泊尔,,,1,0,1,0
1756,2020-03-10,南非,,,7,0,0,0
1757,2020-03-10,墨西哥,,,7,0,1,0
1758,2020-03-10,摩纳哥,,,1,0,0,0
1759,2020-03-10,摩洛哥,,,3,0,0,1
1760,2020-03-10,摩尔多瓦,,,1,0,0,0
1761,2020-03-10,孟加拉国,,,3,0,0,0
1762,2020-03-10,蒙古,,,1,0,0,0
1763,2020-03-10,美国,,,717,0,10,26
1764,2020-03-10,马提尼克,,,2,0,0,0
1765,2020-03-10,马来西亚,,,129,0,24,0
1766,2020-03-10,马耳他,,,3,0,0,0
1767,2020-03-10,马尔代夫,,,6,0,0,0
1768,2020-03-10,罗马尼亚,,,17,0,3,0
1769,2020-03-10,卢森堡,,,5,0,0,0
1770,2020-03-10,列支敦士登,,,1,0,0,0
1771,2020-03-10,立陶宛,,,1,0,0,0
1772,2020-03-10,黎巴嫩,,,41,0,1,1
1773,2020-03-10,拉脱维亚,,,8,0,0,0
1774,2020-03-10,克罗地亚,,,13,0,0,0
1775,2020-03-10,科威特,,,69,0,0,0
1776,2020-03-10,卡塔尔,,,18,0,0,0
1777,2020-03-10,喀麦隆,,,2,0,0,0
1778,2020-03-10,捷克,,,40,0,0,0
1779,2020-03-10,柬埔寨,,,3,0,1,0
1780,2020-03-10,加拿大,,,72,0,8,1
1781,2020-03-10,荷兰,,,382,0,0,3
1782,2020-03-10,韩国,,,7513,0,247,80
1783,2020-03-10,格鲁吉亚,,,15,0,0,0
1784,2020-03-10,哥斯达黎加,,,9,0,0,0
1785,2020-03-10,哥伦比亚,,,3,0,0,0
1786,2020-03-10,刚果（金）,,,1,0,0,0
1787,2020-03-10,芬兰,,,40,0,1,0
1788,2020-03-10,菲律宾,,,35,0,2,1
1789,2020-03-10,梵蒂冈,,,1,0,0,0
1790,2020-03-10,法属圭亚那,,,5,0,0,0
1791,2020-03-10,法罗群岛,,,1,0,0,0
1792,2020-03-10,法国,,,1606,0,12,30
1793,2020-03-10,厄瓜多尔,,,15,0,0,0
1794,2020-03-10,俄罗斯,,,20,0,2,0
1795,2020-03-10,多米尼加,,,1,0,0,0
1796,2020-03-10,多哥,,,1,0,0,0
1797,2020-03-10,德国,,,1139,0,18,2
1798,2020-03-10,丹麦,,,156,0,1,0
1799,2020-03-10,布基纳法索,,,2,0,0,0
1800,2020-03-10,不丹,,,1,0,0,0
1801,2020-03-10,波兰,,,18,0,0,0
1802,2020-03-10,波黑,,,5,0,0,0
1803,2020-03-10,冰岛,,,60,0,1,0
1804,2020-03-10,秘鲁,,,9,0,0,0
1805,2020-03-10,比利时,,,267,0,1,0
1806,2020-03-10,北马其顿,,,7,0,0,0
1807,2020-03-10,保加利亚,,,4,0,0,0
1808,2020-03-10,白俄罗斯,,,9,0,0,0
1809,2020-03-10,巴西,,,30,0,0,0
1810,2020-03-10,巴拿马,,,1,0,0,0
1811,2020-03-10,巴林,,,109,0,14,0
1812,2020-03-10,巴勒斯坦,,,25,0,0,0
1813,2020-03-10,巴拉圭,,,1,0,0,0
1814,2020-03-10,巴基斯坦,,,18,0,1,0
1815,2020-03-10,澳大利亚,,,101,0,22,3
1816,2020-03-10,奥地利,,,157,0,0,0
1817,2020-03-10,安道尔,,,1,0,1,0
1818,2020-03-10,爱沙尼亚,,,12,0,0,0
1819,2020-03-10,爱尔兰,,,24,0,0,0
1820,2020-03-10,埃及,,,59,0,12,1
1821,2020-03-10,阿塞拜疆,,,11,0,0,0
1822,2020-03-10,阿曼,,,18,0,2,0
1823,2020-03-10,阿联酋,,,74,0,17,0
1824,2020-03-10,阿根廷,,,17,0,0,1
1825,2020-03-10,阿富汗,,,5,0,0,0
1826,2020-03-10,阿尔及利亚,,,20,0,0,0
1827,2020-03-10,阿尔巴尼亚,,,6,0,0,0
1828,2020-03-10,日本,,,514,0,101,9
1829,2020-03-11,钻石公主号邮轮,,,696,0,357,7
1830,2020-03-11,中国,,,80980,253,62887,3173
1831,2020-03-11,智利,,,17,0,0,0
1832,2020-03-11,直布罗陀,,,1,0,0,0
1833,2020-03-11,越南,,,38,0,16,0
1834,2020-03-11,约旦,,,1,0,0,0
1835,2020-03-11,英国,,,456,0,18,6
1836,2020-03-11,印度尼西亚,,,34,0,0,1
1837,2020-03-11,印度,,,62,0,3,1
1838,2020-03-11,意大利,,,10293,0,1004,631
1839,2020-03-11,以色列,,,75,0,4,0
1840,2020-03-11,伊朗,,,9000,0,2731,354
1841,2020-03-11,伊拉克,,,71,0,9,7
1842,2020-03-11,亚美尼亚,,,1,0,0,0
1843,2020-03-11,牙买加,,,1,0,0,0
1844,2020-03-11,匈牙利,,,13,0,0,0
1845,2020-03-11,新西兰,,,5,0,0,0
1846,2020-03-11,新加坡,,,178,0,96,0
1847,2020-03-11,希腊,,,89,0,0,0
1848,2020-03-11,西班牙,,,2174,0,183,49
1849,2020-03-11,乌克兰,,,1,0,0,0
1850,2020-03-11,文莱,,,11,0,0,0
1851,2020-03-11,土耳其,,,1,0,0,0
1852,2020-03-11,突尼斯,,,5,0,0,0
1853,2020-03-11,泰国,,,59,0,34,1
1854,2020-03-11,斯洛文尼亚,,,47,0,0,0
1855,2020-03-11,斯洛伐克,,,7,0,0,0
1856,2020-03-11,斯里兰卡,,,2,0,1,0
1857,2020-03-11,圣马力诺,,,62,0,0,2
1858,2020-03-11,圣马丁,,,2,0,0,0
1859,2020-03-11,圣巴泰勒米,,,1,0,0,0
1860,2020-03-11,沙特阿拉伯,,,21,0,0,0
1861,2020-03-11,塞浦路斯,,,2,0,0,0
1862,2020-03-11,塞内加尔,,,4,0,0,0
1863,2020-03-11,塞尔维亚,,,12,0,0,0
1864,2020-03-11,瑞士,,,645,0,3,4
1865,2020-03-11,瑞典,,,473,0,0,0
1866,2020-03-11,葡萄牙,,,59,0,0,0
1867,2020-03-11,挪威,,,436,0,0,0
1868,2020-03-11,尼日利亚,,,2,0,0,0
1869,2020-03-11,尼泊尔,,,1,0,1,0
1870,2020-03-11,南非,,,13,0,1,0
1871,2020-03-11,墨西哥,,,7,0,1,0
1872,2020-03-11,摩纳哥,,,1,0,0,0
1873,2020-03-11,摩洛哥,,,5,0,0,1
1874,2020-03-11,摩尔多瓦,,,1,0,0,0
1875,2020-03-11,孟加拉国,,,3,0,0,0
1876,2020-03-11,蒙古,,,1,0,0,0
1877,2020-03-11,美国,,,1004,0,10,31
1878,2020-03-11,马提尼克,,,2,0,0,0
1879,2020-03-11,马来西亚,,,149,0,26,0
1880,2020-03-11,马耳他,,,6,0,0,0
1881,2020-03-11,马尔代夫,,,6,0,0,0
1882,2020-03-11,罗马尼亚,,,31,0,5,0
1883,2020-03-11,卢森堡,,,5,0,0,0
1884,2020-03-11,留尼汪,,,1,0,0,0
1885,2020-03-11,列支敦士登,,,1,0,0,0
1886,2020-03-11,立陶宛,,,3,0,0,0
1887,2020-03-11,黎巴嫩,,,59,0,1,2
1888,2020-03-11,拉脱维亚,,,10,0,0,0
1889,2020-03-11,克罗地亚,,,16,0,0,0
1890,2020-03-11,科威特,,,72,0,2,0
1891,2020-03-11,卡塔尔,,,24,0,0,0
1892,2020-03-11,喀麦隆,,,2,0,0,0
1893,2020-03-11,捷克,,,61,0,0,0
1894,2020-03-11,柬埔寨,,,3,0,1,0
1895,2020-03-11,加拿大,,,95,0,8,1
1896,2020-03-11,洪都拉斯,,,2,0,0,0
1897,2020-03-11,荷兰,,,503,0,0,5
1898,2020-03-11,韩国,,,7755,0,288,65
1899,2020-03-11,格鲁吉亚,,,23,0,0,0
1900,2020-03-11,格恩西岛,,,1,0,0,0
1901,2020-03-11,哥斯达黎加,,,13,0,0,0
1902,2020-03-11,哥伦比亚,,,3,0,0,0
1903,2020-03-11,刚果（金）,,,1,0,0,0
1904,2020-03-11,芬兰,,,59,0,1,0
1905,2020-03-11,菲律宾,,,49,0,2,1
1906,2020-03-11,梵蒂冈,,,1,0,0,0
1907,2020-03-11,法属圭亚那,,,5,0,0,0
1908,2020-03-11,法罗群岛,,,2,0,0,0
1909,2020-03-11,法国,,,1784,0,12,33
1910,2020-03-11,厄瓜多尔,,,15,0,0,0
1911,2020-03-11,俄罗斯,,,20,0,3,0
1912,2020-03-11,多米尼加,,,5,0,0,0
1913,2020-03-11,多哥,,,1,0,0,0
1914,2020-03-11,德国,,,1565,0,18,3
1915,2020-03-11,丹麦,,,340,0,1,0
1916,2020-03-11,布基纳法索,,,2,0,0,0
1917,2020-03-11,不丹,,,1,0,0,0
1918,2020-03-11,玻利维亚,,,2,0,0,0
1919,2020-03-11,波兰,,,25,0,0,0
1920,2020-03-11,波黑,,,7,0,0,0
1921,2020-03-11,冰岛,,,85,0,1,0
1922,2020-03-11,秘鲁,,,11,0,0,0
1923,2020-03-11,比利时,,,314,0,1,1
1924,2020-03-11,北马其顿,,,7,0,0,0
1925,2020-03-11,保加利亚,,,6,0,0,0
1926,2020-03-11,白俄罗斯,,,12,0,3,0
1927,2020-03-11,巴西,,,34,0,0,0
1928,2020-03-11,巴拿马,,,8,0,0,1
1929,2020-03-11,巴林,,,189,0,30,0
1930,2020-03-11,巴勒斯坦,,,30,0,0,0
1931,2020-03-11,巴拉圭,,,2,0,0,0
1932,2020-03-11,巴基斯坦,,,20,0,1,0
1933,2020-03-11,澳大利亚,,,117,0,22,3
1934,2020-03-11,奥地利,,,206,0,2,0
1935,2020-03-11,安道尔,,,1,0,1,0
1936,2020-03-11,爱沙尼亚,,,13,0,0,0
1937,2020-03-11,爱尔兰,,,34,0,0,0
1938,2020-03-11,埃及,,,59,0,26,1
1939,2020-03-11,阿塞拜疆,,,11,0,0,0
1940,2020-03-11,阿曼,,,18,0,9,0
1941,2020-03-11,阿联酋,,,74,0,17,0
1942,2020-03-11,阿根廷,,,17,0,0,1
1943,2020-03-11,阿富汗,,,7,0,0,0
1944,2020-03-11,阿尔及利亚,,,20,0,0,0
1945,2020-03-11,阿尔巴尼亚,,,12,0,0,1
1946,2020-03-11,日本,,,568,0,102,12
